,운전 누적 시간,현재 상태,1-수소공급량,2-수소공급량,1-산소공급량,2-산소공급량,1-버너회전수,2-버너회전수,1-버너속도,2-버너속도,1-핀치횟수,2-핀치횟수,핀치두께-상,핀치두께-중,핀치두께-하,핀치두께2-상,핀치두께2-중,핀치두께2-하,전극간격,채널,전압(1차),전류(1차),역률(1차),전력(1차),온도(1차),전압(2차),전류(2차),역률(2차),전력(2차),온도(2차),강도,"Pinch No.1
정면부 측정 편차","Pinch No.2
정면부 측정 편차","Pinch No.1
측면부 측정 편차","Pinch No.2
측면부 측정 편차"
0,51514,0,93.03,90.372,78.411,87.714,25.250999999999998,21.264,53.16,53.16,3682.659,3680.0009999999997,4.6514999999999995,4.49202,4.55847,4.717949999999999,4.55847,4.63821,444.23154,1.0,497.15232,48.33573,132.38169,31.11189,15.948,640.79064,11.137020000000001,132.86013,4.797689999999999,111.636,551.535,0.0,0.0,0.0,0.0
1,51514,0,93.03,90.372,78.411,87.714,25.250999999999998,21.264,53.16,53.16,3683.988,3681.33,4.66479,4.545179999999999,4.58505,4.55847,4.47873,4.545179999999999,443.76639,2.0,497.15232,48.33573,132.38169,31.11189,15.948,659.0378099999999,10.990829999999999,132.80697,4.8774299999999995,111.636,598.05,0.0,0.0,0.0,0.0
2,51514,0,93.03,90.372,78.411,87.714,25.250999999999998,21.264,53.16,53.16,3863.403,3860.745,4.73124,4.6249199999999995,4.61163,4.55847,4.545179999999999,4.49202,440.47047,1.0,507.70457999999996,47.68452,132.32853,31.29795,15.948,649.98732,11.20347,132.78038999999998,4.89072,120.939,571.47,0.0,0.0,0.0,0.0
3,51514,0,93.03,90.372,78.411,87.714,25.250999999999998,21.264,53.16,53.16,3864.732,3862.074,4.744529999999999,4.58505,4.61163,4.53189,4.545179999999999,4.49202,444.00560999999993,2.0,507.70457999999996,47.68452,132.32853,31.29795,15.948,654.95778,11.05728,132.68736,4.86414,120.939,591.405,0.0,0.0,0.0,0.0
4,50297,0,93.03,90.372,78.411,87.714,25.250999999999998,21.264,53.16,53.16,252.51,252.51,4.717949999999999,4.67808,4.6514999999999995,4.67808,4.73124,4.6514999999999995,443.15504999999996,5.0,501.31208999999996,47.657939999999996,132.16905,30.8328,17.277,642.29241,11.26992,132.78038999999998,4.83756,108.978,582.102,0.0,0.0,0.0,0.0
5,12111,1,93.03,90.372,78.411,87.714,25.250999999999998,21.264,53.16,53.16,253.839,253.839,4.717949999999999,4.34583,4.63821,4.744529999999999,5.24955,4.75782,444.27141,6.0,501.31208999999996,47.657939999999996,132.16905,30.8328,17.277,642.5715,11.2965,132.79368,4.850849999999999,108.978,612.669,0.0,0.0,0.0,0.0
6,38186,0,93.03,90.372,78.411,87.714,25.250999999999998,21.264,53.16,53.16,255.168,255.168,4.717949999999999,4.83756,4.66479,4.73124,4.86414,4.73124,442.25132999999994,1.0,506.46860999999996,47.312400000000004,132.12918,30.925829999999998,17.277,641.01657,11.28321,132.66078,4.83756,111.636,546.2189999999999,0.0,0.0,0.0,0.0
7,50395,0,93.03,90.372,78.411,87.714,25.250999999999998,21.264,53.16,53.16,636.591,636.591,4.771109999999999,4.33254,4.61163,4.63821,4.6514999999999995,4.545179999999999,442.88925,1.0,511.89093,46.99344,131.98299,31.01886,17.277,642.74427,11.40282,132.51459,4.8774299999999995,91.701,564.8249999999999,0.0,0.0,0.0,0.0
8,34495,1,93.03,90.372,78.411,87.714,25.250999999999998,21.264,53.16,53.16,637.92,637.92,4.70466,4.53189,4.545179999999999,4.63821,4.70466,4.53189,444.53721,2.0,511.89093,46.99344,131.98299,31.01886,17.277,633.97287,11.26992,132.34181999999998,4.744529999999999,91.701,578.115,0.0,0.0,0.0,0.0
9,17575,0,93.03,90.372,78.411,87.714,25.250999999999998,21.264,53.16,53.16,639.249,639.249,4.89072,4.45215,4.75782,4.824269999999999,4.83756,4.73124,444.93591000000004,3.0,511.89093,46.99344,131.98299,31.01886,17.277,647.52867,11.230049999999999,132.30195,4.850849999999999,91.701,538.245,0.0,0.0,0.0,0.0
10,51514,0,97.017,97.017,78.411,87.714,25.250999999999998,22.593,53.16,53.16,54.489,58.476,4.744529999999999,4.83756,4.6249199999999995,4.61163,4.67808,4.5186,442.49055,1.0,509.41899,47.24594999999999,132.14247,31.05873,15.948,644.5915799999999,11.336369999999999,132.6342,4.8774299999999995,108.978,542.232,0.0,0.0,0.0,0.0
11,51514,0,97.017,97.017,78.411,87.714,25.250999999999998,22.593,53.16,53.16,55.818,59.805,4.691369999999999,4.34583,4.545179999999999,4.61163,4.86414,4.53189,443.43414,2.0,509.41899,47.24594999999999,132.14247,31.05873,15.948,643.07652,11.19018,132.5013,4.797689999999999,108.978,555.5219999999999,0.0,0.0,0.0,0.0
12,47965,0,98.346,98.346,79.74,89.04299999999999,25.250999999999998,22.593,53.16,53.16,745.569,749.5559999999999,4.8774299999999995,4.58505,4.824269999999999,4.691369999999999,4.1996400000000005,4.61163,442.62345,1.0,515.89122,46.966860000000004,132.1026,31.25808,15.948,647.12997,11.32308,132.60762,4.9040099999999995,101.00399999999999,546.2189999999999,0.0,0.0,0.0,0.0
13,28577,1,98.346,98.346,79.74,89.04299999999999,25.250999999999998,22.593,53.16,53.16,746.898,750.885,4.89072,4.50531,4.797689999999999,4.797689999999999,4.89072,4.771109999999999,443.76639,2.0,515.89122,46.966860000000004,132.1026,31.25808,15.948,647.9007899999999,11.17689,132.43485,4.83756,101.00399999999999,562.167,0.0,0.0,0.0,0.0
14,19388,0,98.346,98.346,79.74,89.04299999999999,25.250999999999998,22.593,53.16,53.16,748.227,752.2139999999999,4.73124,4.97046,4.6514999999999995,4.717949999999999,4.89072,4.691369999999999,444.24483,3.0,515.89122,46.966860000000004,132.1026,31.25808,15.948,649.36269,11.230049999999999,132.20892,4.86414,101.00399999999999,519.639,0.0,0.0,0.0,0.0
15,18702,1,98.346,98.346,79.74,89.04299999999999,25.250999999999998,22.593,53.16,53.16,869.1659999999999,873.153,4.66479,4.6249199999999995,4.545179999999999,4.66479,4.691369999999999,4.598339999999999,442.01210999999995,1.0,512.54214,47.272529999999996,132.19563,31.25808,15.948,644.5782899999999,11.32308,132.60762,4.8774299999999995,110.307,539.574,0.0,0.0,0.0,0.0
16,18702,1,98.346,98.346,79.74,89.04299999999999,25.250999999999998,22.593,53.16,53.16,870.495,874.482,4.66479,4.97046,4.571759999999999,4.771109999999999,5.01033,4.70466,443.02215,2.0,512.54214,47.272529999999996,132.19563,31.25808,15.948,645.53517,11.19018,132.47472000000002,4.824269999999999,110.307,538.245,0.0,0.0,0.0,0.0
17,51514,0,97.017,97.017,79.74,89.04299999999999,25.250999999999998,22.593,53.16,53.16,1029.975,1033.962,4.70466,4.58505,4.6514999999999995,4.598339999999999,4.63821,4.55847,441.16155,1.0,510.34929,47.33897999999999,132.19563,31.191629999999996,15.948,646.71798,11.28321,132.67407,4.8774299999999995,112.965,531.6,0.0,0.0,0.0,0.0
18,51514,0,97.017,97.017,79.74,89.04299999999999,25.250999999999998,22.593,53.16,53.16,1031.3039999999999,1035.291,4.61163,4.5186,4.61163,4.67808,4.571759999999999,4.691369999999999,443.73981,2.0,510.34929,47.33897999999999,132.19563,31.191629999999996,15.948,647.7546,11.150310000000001,132.56775,4.83756,112.965,546.2189999999999,0.0,0.0,0.0,0.0
19,6098,1,98.346,99.675,79.74,90.372,25.250999999999998,22.593,53.16,53.16,3306.5519999999997,3310.5389999999998,4.771109999999999,4.61163,4.81098,4.63821,4.67808,4.70466,443.97902999999997,1.0,513.2597999999999,46.70106,131.85009,30.8328,15.948,634.91646,11.4294,132.44814,4.824269999999999,116.952,515.6519999999999,0.0,0.0,0.0,0.0
20,71944,0,98.346,99.675,79.74,90.372,25.250999999999998,22.593,53.16,53.16,3307.881,3311.868,4.75782,4.6514999999999995,4.797689999999999,4.6249199999999995,4.598339999999999,4.691369999999999,443.24807999999996,2.0,513.2597999999999,46.70106,131.85009,30.8328,15.948,638.29212,11.2965,132.26208,4.7844,116.952,502.36199999999997,0.0,0.0,0.0,0.0
21,20978,1,98.346,99.675,79.74,90.372,25.250999999999998,22.593,53.16,53.16,3309.21,3313.197,4.850849999999999,4.70466,4.8774299999999995,4.61163,4.545179999999999,4.6514999999999995,445.24157999999994,3.0,513.2597999999999,46.70106,131.85009,30.8328,15.948,642.49176,11.26992,132.16905,4.81098,116.952,478.44,0.0,0.0,0.0,0.0
22,21912,1,98.346,99.675,79.74,90.372,25.250999999999998,22.593,53.16,53.16,3310.5389999999998,3314.526,4.67808,4.545179999999999,4.744529999999999,4.771109999999999,4.6514999999999995,4.824269999999999,444.03219,4.0,513.2597999999999,46.70106,131.85009,30.8328,15.948,641.2690799999999,11.49585,132.5013,4.9040099999999995,116.952,571.47,0.0,0.0,0.0,0.0
23,26271,1,98.346,99.675,79.74,90.372,25.250999999999998,22.593,53.16,53.16,3739.806,3743.7929999999997,4.7844,4.58505,4.771109999999999,4.53189,4.49202,4.61163,444.80301,1.0,520.11744,46.18275,131.8368,30.859379999999998,14.619,641.2557899999999,11.4294,132.38169,4.8774299999999995,132.9,489.072,0.0,0.0,0.0,0.0
24,68905,0,98.346,99.675,79.74,90.372,25.250999999999998,22.593,53.16,53.16,3741.1349999999998,3745.122,4.63821,4.47873,4.61163,4.63821,4.5186,4.70466,444.27141,2.0,520.11744,46.18275,131.8368,30.859379999999998,14.619,639.54138,11.28321,132.20892,4.797689999999999,132.9,477.111,0.0,0.0,0.0,0.0
25,41284,1,98.346,99.675,79.74,90.372,25.250999999999998,22.593,53.16,53.16,3742.464,3746.451,4.73124,4.571759999999999,4.75782,4.47873,4.47873,4.545179999999999,443.76639,3.0,520.11744,46.18275,131.8368,30.859379999999998,14.619,623.34087,11.40282,131.81022000000002,4.691369999999999,132.9,442.55699999999996,0.0,0.0,0.0,0.0
26,46470,1,98.346,99.675,79.74,90.372,25.250999999999998,22.593,53.16,53.16,3743.7929999999997,3747.7799999999997,4.691369999999999,4.55847,4.67808,4.545179999999999,4.50531,4.63821,444.08534999999995,4.0,520.11744,46.18275,131.8368,30.859379999999998,14.619,644.95041,11.62875,132.20892,4.95717,132.9,528.942,0.0,0.0,0.0,0.0
27,38982,1,98.346,99.675,79.74,90.372,25.250999999999998,22.593,53.16,53.16,3745.122,3749.109,4.717949999999999,4.53189,4.717949999999999,4.63821,4.5186,4.70466,443.73981,5.0,520.11744,46.18275,131.8368,30.859379999999998,14.619,638.63766,11.4294,132.44814,4.850849999999999,132.9,550.206,0.0,0.0,0.0,0.0
28,18102,1,98.346,99.675,79.74,90.372,25.250999999999998,22.593,53.16,53.16,3746.451,3750.438,4.63821,4.50531,4.66479,4.66479,4.598339999999999,4.717949999999999,443.64678,6.0,520.11744,46.18275,131.8368,30.859379999999998,14.619,639.15597,11.46927,132.47472000000002,4.86414,132.9,539.574,0.0,0.0,0.0,0.0
29,30471,1,98.346,99.675,79.74,90.372,25.250999999999998,22.593,53.16,53.16,11.961,11.961,4.67808,4.58505,4.691369999999999,4.47873,4.41228,4.571759999999999,444.76314,3.0,510.28283999999996,47.059889999999996,131.95641,30.91254,14.619,645.66807,11.230049999999999,132.30195,4.83756,120.939,473.12399999999997,0.0,0.0,0.0,0.0
30,37294,1,98.346,99.675,79.74,90.372,25.250999999999998,22.593,53.16,53.16,13.29,13.29,4.797689999999999,4.66479,4.73124,4.58505,4.46544,4.6514999999999995,444.47076,4.0,510.28283999999996,47.059889999999996,131.95641,30.91254,14.619,646.3192799999999,11.442689999999999,132.59432999999999,4.93059,120.939,552.864,0.0,0.0,0.0,0.0
31,71091,0,98.346,99.675,79.74,90.372,25.250999999999998,22.593,53.16,53.16,14.619,14.619,4.66479,4.58505,4.717949999999999,4.55847,4.46544,4.6249199999999995,445.40106,5.0,510.28283999999996,47.059889999999996,131.95641,30.91254,14.619,644.71119,11.376240000000001,132.6342,4.8774299999999995,120.939,548.877,0.0,0.0,0.0,0.0
32,39625,1,98.346,99.675,79.74,90.372,25.250999999999998,22.593,53.16,53.16,15.948,15.948,4.67808,4.58505,4.691369999999999,4.6514999999999995,4.571759999999999,4.70466,444.07205999999996,6.0,510.28283999999996,47.059889999999996,131.95641,30.91254,14.619,635.55438,11.40282,132.64749,4.824269999999999,120.939,547.548,0.0,0.0,0.0,0.0
33,18488,1,98.346,99.675,79.74,90.372,25.250999999999998,22.593,53.16,53.16,3747.7799999999997,3751.767,4.63821,4.50531,4.6514999999999995,4.61163,4.58505,4.691369999999999,443.76639,1.0,520.19718,46.43525999999999,131.95641,31.07202,15.948,639.47493,11.41611,132.42156,4.86414,132.9,487.743,0.0,0.0,0.0,0.0
34,44052,1,98.346,99.675,79.74,90.372,25.250999999999998,22.593,53.16,53.16,3749.109,3753.096,4.75782,4.545179999999999,4.744529999999999,4.61163,4.5186,4.66479,444.33786,2.0,520.19718,46.43525999999999,131.95641,31.07202,15.948,645.38898,11.26992,132.2355,4.83756,132.9,486.414,0.0,0.0,0.0,0.0
35,71545,0,98.346,99.675,79.74,90.372,25.250999999999998,22.593,53.16,53.16,3750.438,3754.4249999999997,4.797689999999999,4.598339999999999,4.7844,4.55847,4.5186,4.6249199999999995,443.72652,3.0,520.19718,46.43525999999999,131.95641,31.07202,15.948,642.06648,11.336369999999999,131.95641,4.824269999999999,132.9,449.202,0.0,0.0,0.0,0.0
36,26631,1,98.346,99.675,79.74,90.372,25.250999999999998,22.593,53.16,53.16,3751.767,3755.754,4.797689999999999,4.571759999999999,4.81098,4.545179999999999,4.49202,4.6249199999999995,444.74985,4.0,520.19718,46.43525999999999,131.95641,31.07202,15.948,640.80393,11.549009999999999,132.34181999999998,4.9173,132.9,526.284,0.0,0.0,0.0,0.0
37,22242,1,98.346,99.675,79.74,90.372,25.250999999999998,22.593,53.16,53.16,3753.096,3757.083,4.771109999999999,4.58505,4.797689999999999,4.43886,4.3857,4.5186,444.81629999999996,5.0,520.19718,46.43525999999999,131.95641,31.07202,15.948,644.51184,11.376240000000001,132.55445999999998,4.89072,132.9,551.535,0.0,0.0,0.0,0.0
38,22242,1,98.346,99.675,79.74,90.372,25.250999999999998,22.593,53.16,53.16,3754.4249999999997,3758.412,4.67808,4.5186,4.67808,4.6514999999999995,4.545179999999999,4.67808,444.82958999999994,6.0,520.19718,46.43525999999999,131.95641,31.07202,15.948,645.3624,11.40282,132.56775,4.9040099999999995,132.9,505.02,0.0,0.0,0.0,0.0
39,40705,1,98.346,99.675,79.74,90.372,25.250999999999998,22.593,53.16,53.16,18.605999999999998,18.605999999999998,4.797689999999999,4.63821,4.797689999999999,4.66479,4.50531,4.73124,446.14529999999996,1.0,512.1966,46.99344,131.98299,31.01886,14.619,644.6846099999999,11.32308,132.6342,4.89072,132.9,499.704,0.0,0.0,0.0,0.0
40,62511,1,98.346,99.675,79.74,90.372,25.250999999999998,22.593,53.16,53.16,19.935,19.935,4.75782,4.6249199999999995,4.797689999999999,4.571759999999999,4.47873,4.61163,445.46751,2.0,512.1966,46.99344,131.98299,31.01886,14.619,649.93416,11.17689,132.5013,4.850849999999999,132.9,478.44,0.0,0.0,0.0,0.0
41,67461,0,98.346,99.675,79.74,90.372,25.250999999999998,22.593,53.16,53.16,26.58,26.58,4.83756,4.67808,4.8774299999999995,4.45215,4.3857,4.50531,445.08209999999997,5.0,512.1966,46.99344,131.98299,31.01886,14.619,646.71798,11.442689999999999,132.51459,4.9040099999999995,132.9,560.838,0.0,0.0,0.0,0.0
42,18488,1,98.346,99.675,79.74,90.372,25.250999999999998,22.593,53.16,53.16,27.909,27.909,4.67808,4.55847,4.691369999999999,4.63821,4.45215,4.691369999999999,445.05552,6.0,512.1966,46.99344,131.98299,31.01886,14.619,623.5668,11.482560000000001,132.52787999999998,4.744529999999999,132.9,530.271,0.0,0.0,0.0,0.0
43,18462,1,103.66199999999999,97.017,98.346,102.333,25.250999999999998,23.922,53.16,53.16,891.759,891.759,4.58505,4.63821,4.63821,4.41228,4.46544,4.43886,445.29474,1.0,504.42195,34.460969999999996,122.29458,20.758979999999998,15.948,645.7610999999999,11.243340000000002,132.78038999999998,4.8774299999999995,112.965,441.228,0.0,0.0,0.0,0.0
44,31765,1,103.66199999999999,97.017,98.346,102.333,25.250999999999998,23.922,53.16,53.16,894.4169999999999,894.4169999999999,4.55847,4.61163,4.598339999999999,4.5186,4.50531,4.545179999999999,446.39781,2.0,504.42195,34.460969999999996,122.29458,20.758979999999998,15.948,651.80805,11.08386,132.67407,4.850849999999999,112.965,364.146,0.0,0.0,0.0,0.0
45,13303,0,103.66199999999999,97.017,98.346,102.333,25.250999999999998,23.922,53.16,53.16,903.72,903.72,4.41228,4.47873,4.45215,4.3989899999999995,4.43886,4.42557,445.99911,1.0,516.11715,33.80976,122.268,20.798849999999998,18.605999999999998,646.18638,11.38953,132.60762,4.9040099999999995,112.965,445.215,0.0,0.0,0.0,0.0
46,46782,1,103.66199999999999,97.017,98.346,102.333,25.250999999999998,23.922,53.16,53.16,895.746,895.746,4.41228,4.47873,4.46544,4.3857,4.43886,4.3989899999999995,445.93266,3.0,504.42195,34.460969999999996,122.29458,20.758979999999998,15.948,642.41202,11.1636,132.48801,4.797689999999999,112.965,419.964,0.0,0.0,0.0,0.0
47,46782,1,103.66199999999999,97.017,98.346,102.333,25.250999999999998,23.922,53.16,53.16,901.062,901.062,4.34583,4.45215,4.3989899999999995,4.27938,4.34583,4.30596,445.89279,4.0,504.42195,34.460969999999996,122.29458,20.758979999999998,15.948,651.3163199999999,11.376240000000001,132.71394,4.95717,112.965,514.323,0.0,0.0,0.0,0.0
48,52062,1,103.66199999999999,97.017,98.346,102.333,25.250999999999998,23.922,53.16,53.16,924.9839999999999,924.9839999999999,4.545179999999999,4.61163,4.61163,4.598339999999999,4.545179999999999,4.61163,445.93266,1.0,513.29967,33.76989,122.25470999999999,20.66595,18.605999999999998,640.95012,11.38953,132.52787999999998,4.86414,120.939,445.215,0.0,0.0,0.0,0.0
50,26143,1,103.66199999999999,97.017,98.346,102.333,25.250999999999998,23.922,53.16,53.16,934.2869999999999,934.2869999999999,4.6249199999999995,4.66479,4.6514999999999995,4.35912,4.41228,4.3989899999999995,446.30478,3.0,515.87793,33.46422,122.25470999999999,20.54634,19.935,649.7215199999999,11.28321,132.16905,4.8774299999999995,122.268,422.622,0.0,0.0,0.0,0.0
54,27505,0,104.991,99.675,97.017,93.03,22.593,19.935,53.16,53.16,373.449,373.449,4.53189,4.545179999999999,4.5186,4.545179999999999,4.571759999999999,4.53189,443.87271,1.0,504.91368,47.312400000000004,131.94312,30.766349999999996,14.619,644.37894,11.32308,132.68736,4.8774299999999995,101.00399999999999,438.57,0.0,0.0,0.0,0.0
55,9222,1,104.991,99.675,97.017,93.03,22.593,19.935,53.16,53.16,374.77799999999996,374.77799999999996,4.50531,4.55847,4.50531,4.50531,4.53189,4.49202,443.95245,2.0,504.91368,47.312400000000004,131.94312,30.766349999999996,14.619,641.57475,11.17689,132.54117,4.7844,101.00399999999999,310.986,0.0,0.0,0.0,0.0
56,18283,0,104.991,101.00399999999999,97.017,93.03,22.593,19.935,53.16,53.16,382.752,382.752,4.598339999999999,4.55847,4.58505,4.6514999999999995,4.63821,4.63821,443.68665000000004,1.0,506.26926,47.07318,131.90324999999999,30.686609999999998,17.277,640.72419,11.349659999999998,132.62091,4.850849999999999,132.9,427.938,0.0,0.0,0.0,0.0
57,28560,0,104.991,99.675,97.017,93.03,22.593,19.935,53.16,53.16,376.10699999999997,376.10699999999997,4.49202,4.53189,4.50531,4.5186,4.55847,4.5186,444.52392000000003,3.0,504.91368,47.312400000000004,131.94312,30.766349999999996,14.619,635.83347,11.30979,132.16905,4.75782,101.00399999999999,419.964,0.0,0.0,0.0,0.0
58,28560,0,104.991,99.675,97.017,93.03,22.593,19.935,53.16,53.16,377.436,377.436,4.53189,4.58505,4.53189,4.53189,4.55847,4.5186,444.93591000000004,4.0,504.91368,47.312400000000004,131.94312,30.766349999999996,14.619,629.34795,11.549009999999999,132.47472000000002,4.797689999999999,101.00399999999999,510.336,0.0,0.0,0.0,0.0
59,28560,0,104.991,101.00399999999999,97.017,93.03,22.593,19.935,53.16,53.16,380.094,380.094,4.49202,4.53189,4.46544,4.53189,4.55847,4.5186,443.87271,5.0,504.91368,47.312400000000004,131.94312,30.766349999999996,14.619,637.48143,11.38953,132.66078,4.824269999999999,101.00399999999999,535.587,0.0,0.0,0.0,0.0
60,28560,0,104.991,101.00399999999999,97.017,93.03,22.593,19.935,53.16,53.16,381.423,381.423,4.571759999999999,4.571759999999999,4.55847,4.53189,4.55847,4.5186,445.13525999999996,6.0,504.91368,47.312400000000004,131.94312,30.766349999999996,14.619,639.6875699999999,11.40282,132.68736,4.850849999999999,101.00399999999999,514.323,0.0,0.0,0.0,0.0
61,39377,0,104.991,99.675,97.017,93.03,22.593,19.935,53.16,53.16,4046.805,4040.16,4.53189,4.55847,4.571759999999999,4.55847,4.55847,4.545179999999999,444.36444,3.0,506.94705,47.12634,131.9697,30.75306,18.605999999999998,637.69407,11.256630000000001,132.38169,4.771109999999999,132.9,402.687,0.0,0.0,0.0,0.0
62,18222,1,104.991,99.675,97.017,93.03,22.593,19.935,53.16,53.16,4048.134,4041.489,4.55847,4.61163,4.571759999999999,4.53189,4.53189,4.5186,443.28795,2.0,506.94705,47.12634,131.9697,30.75306,18.605999999999998,633.6140399999999,11.26992,132.36839999999998,4.744529999999999,132.9,312.315,0.0,0.0,0.0,0.0
63,21155,0,104.991,99.675,97.017,93.03,22.593,19.935,53.16,53.16,4056.1079999999997,4049.4629999999997,4.50531,4.545179999999999,4.5186,4.49202,4.50531,4.49202,444.90932999999995,1.0,511.38591,33.69015,122.01549,20.47989,17.277,640.4318099999999,11.376240000000001,132.51459,4.83756,116.952,427.938,0.0,0.0,0.0,0.0
64,39947,0,104.991,99.675,97.017,93.03,22.593,19.935,53.16,53.16,4049.4629999999997,4042.8179999999998,4.53189,4.571759999999999,4.53189,4.53189,4.53189,4.53189,444.19167,1.0,506.94705,47.12634,131.9697,30.75306,18.605999999999998,632.31162,11.41611,132.48801,4.797689999999999,132.9,421.293,0.0,0.0,0.0,0.0
65,27822,1,104.991,99.675,97.017,93.03,22.593,19.935,53.16,53.16,4052.121,4045.4759999999997,4.45215,4.5186,4.47873,4.5186,4.53189,4.5186,445.29474,5.0,506.94705,47.12634,131.9697,30.75306,18.605999999999998,636.3252,11.376240000000001,132.6342,4.81098,132.9,524.9549999999999,0.0,0.0,0.0,0.0
66,12125,0,104.991,99.675,97.017,93.03,22.593,19.935,53.16,53.16,4058.766,4052.121,4.50531,4.545179999999999,4.5186,4.5186,4.5186,4.5186,443.73981,3.0,511.38591,33.69015,122.01549,20.47989,17.277,641.29566,11.28321,132.15576,4.797689999999999,116.952,405.34499999999997,0.0,0.0,0.0,0.0
67,40950,0,104.991,99.675,97.017,93.03,22.593,19.935,53.16,53.16,4053.45,4046.805,4.50531,4.53189,4.53189,4.53189,4.545179999999999,4.53189,443.79296999999997,6.0,506.94705,47.12634,131.9697,30.75306,18.605999999999998,641.57475,11.40282,132.68736,4.86414,132.9,516.981,0.0,0.0,0.0,0.0
68,28825,1,104.991,99.675,97.017,93.03,22.593,19.935,53.16,53.16,4054.779,4048.134,4.5186,4.55847,4.50531,4.50531,4.5186,4.50531,445.09539,1.0,514.5888,18.06111,114.99837,10.379489999999999,18.605999999999998,638.33199,11.41611,132.46143,4.83756,78.411,426.609,0.0,0.0,0.0,0.0
69,12125,0,104.991,99.675,97.017,93.03,22.593,19.935,53.16,53.16,4061.424,4054.779,4.50531,4.571759999999999,4.53189,4.61163,4.63821,4.61163,445.29474,4.0,514.5888,18.06111,114.99837,10.379489999999999,18.605999999999998,820.63092,0,0.0,0.0,78.411,6.645,0.0,0.0,0.0,0.0
70,42951,0,104.991,99.675,97.017,93.03,22.593,19.935,53.16,53.16,3392.937,3388.95,4.42557,4.50531,4.43886,4.58505,4.55847,4.58505,444.93591000000004,1.0,508.54184999999995,47.21937,132.06273000000002,30.925829999999998,15.948,637.2953699999999,11.32308,132.59432999999999,4.81098,128.91299999999998,433.25399999999996,0.0,0.0,0.0,0.0
71,42951,0,104.991,99.675,97.017,93.03,22.593,19.935,53.16,53.16,3394.266,3390.279,4.42557,4.47873,4.42557,4.5186,4.5186,4.50531,443.38097999999997,2.0,508.54184999999995,47.21937,132.06273000000002,30.925829999999998,15.948,644.63145,11.17689,132.44814,4.81098,128.91299999999998,330.921,0.0,0.0,0.0,0.0
72,42265,0,104.991,99.675,97.017,93.03,22.593,19.935,53.16,53.16,3406.227,3399.582,4.3989899999999995,4.46544,4.41228,4.63821,4.6249199999999995,4.63821,444.21825,3.0,508.54184999999995,47.21937,132.06273000000002,30.925829999999998,15.948,637.28208,11.20347,132.35511,4.75782,128.91299999999998,409.332,0.0,0.0,0.0,0.0
73,23982,1,104.991,99.675,97.017,93.03,22.593,19.935,53.16,53.16,3414.201,3407.556,4.41228,4.46544,4.42557,4.717949999999999,4.6514999999999995,4.73124,443.27466000000004,4.0,508.54184999999995,47.21937,132.06273000000002,30.925829999999998,15.948,648.0071099999999,11.41611,132.62091,4.93059,128.91299999999998,522.297,0.0,0.0,0.0,0.0
74,18283,0,104.991,99.675,97.017,93.03,22.593,19.935,53.16,53.16,3424.833,3418.188,4.49202,4.50531,4.47873,4.70466,4.6249199999999995,4.70466,444.16508999999996,1.0,510.84101999999996,33.730019999999996,122.00219999999999,20.453310000000002,17.277,634.03932,11.362950000000001,132.52787999999998,4.797689999999999,126.255,426.609,0.0,0.0,0.0,0.0
75,25182,1,104.991,99.675,97.017,93.03,22.593,19.935,53.16,53.16,3415.5299999999997,3408.8849999999998,4.53189,4.55847,4.545179999999999,4.717949999999999,4.66479,4.717949999999999,443.60691,5.0,508.54184999999995,47.21937,132.06273000000002,30.925829999999998,15.948,642.67782,11.362950000000001,132.70065,4.86414,128.91299999999998,542.232,0.0,0.0,0.0,0.0
76,38464,0,104.991,99.675,97.017,93.03,22.593,19.935,53.16,53.16,3418.188,3411.543,4.3989899999999995,4.46544,4.42557,4.63821,4.61163,4.6514999999999995,443.46072,6.0,508.54184999999995,47.21937,132.06273000000002,30.925829999999998,15.948,643.38219,11.38953,132.71394,4.8774299999999995,128.91299999999998,531.6,0.0,0.0,0.0,0.0
77,13282,0,104.991,99.675,97.017,93.03,22.593,19.935,53.16,53.16,4004.277,3997.632,4.63821,4.6514999999999995,4.6514999999999995,4.744529999999999,4.66479,4.75782,444.21825,2.0,510.84101999999996,33.730019999999996,122.00219999999999,20.453310000000002,17.277,640.8703800000001,11.216759999999999,132.35511,4.7844,126.255,325.605,0.0,0.0,0.0,0.0
78,14580,0,108.978,104.991,102.333,102.333,23.922,22.593,53.16,53.16,1927.05,1927.05,4.55847,4.55847,4.53189,4.6249199999999995,4.598339999999999,4.58505,442.98228,2.0,499.704,47.76425999999999,132.11588999999998,30.75306,18.605999999999998,640.5248399999999,11.123729999999998,132.58104,4.75782,132.9,271.116,0.0,0.0,0.0,0.0
81,27364,1,108.978,104.991,102.333,102.333,23.922,22.593,53.16,53.16,1931.037,1931.037,4.47873,4.47873,4.45215,4.744529999999999,4.63821,4.717949999999999,439.32752999999997,5.0,499.704,47.76425999999999,132.11588999999998,30.75306,18.605999999999998,638.1858,11.26992,132.80697,4.81098,132.9,481.098,0.0,0.0,0.0,0.0
82,55458,1,108.978,104.991,102.333,102.333,23.922,22.593,53.16,53.16,1932.366,1932.366,4.42557,4.42557,4.3989899999999995,4.66479,4.63821,4.6249199999999995,442.6766099999999,6.0,499.704,47.76425999999999,132.11588999999998,30.75306,18.605999999999998,648.8310899999999,11.28321,132.82026,4.9040099999999995,132.9,503.691,0.0,0.0,0.0,0.0
83,42951,0,108.978,104.991,102.333,102.333,22.593,21.264,53.16,53.16,2127.729,2127.729,4.41228,4.41228,4.3857,4.53189,4.5186,4.50531,444.9492,3.0,506.57493,47.285819999999994,132.06273000000002,30.885959999999997,18.605999999999998,646.89075,11.20347,132.42156,4.83756,132.9,381.423,0.0,0.0,0.0,0.0
86,31002,1,108.978,104.991,102.333,102.333,23.922,22.593,53.16,53.16,1923.0629999999999,1923.0629999999999,4.46544,4.46544,4.43886,4.61163,4.571759999999999,4.571759999999999,444.31127999999995,5.0,507.83747999999997,47.1795,132.04944,30.885959999999997,19.935,636.1125599999999,11.38953,132.6342,4.81098,132.9,510.336,0.0,0.0,0.0,0.0
88,27412,1,108.978,104.991,102.333,102.333,23.922,22.593,53.16,53.16,1928.379,1928.379,4.47873,4.46544,4.43886,4.598339999999999,4.55847,4.55847,443.88599999999997,3.0,499.704,47.76425999999999,132.11588999999998,30.75306,18.605999999999998,642.7044,11.150310000000001,132.55445999999998,4.7844,132.9,384.08099999999996,0.0,0.0,0.0,0.0
91,55902,1,108.978,104.991,102.333,102.333,22.593,21.264,53.16,53.16,2114.439,2114.439,4.30596,4.34583,4.31925,4.691369999999999,4.571759999999999,4.6514999999999995,444.13851,2.0,506.22939,47.47188,132.1026,30.99228,15.948,644.4321,11.1636,132.55445999999998,4.81098,132.9,271.116,0.0,0.0,0.0,0.0
95,21926,0,108.978,104.991,102.333,102.333,22.593,21.264,53.16,53.16,2129.058,2129.058,4.41228,4.3989899999999995,4.3857,4.58505,4.55847,4.545179999999999,442.70319,4.0,506.57493,47.285819999999994,132.06273000000002,30.885959999999997,18.605999999999998,642.0930599999999,11.41611,132.64749,4.89072,132.9,479.769,0.0,0.0,0.0,0.0
97,41622,1,108.978,104.991,102.333,102.333,22.593,21.264,53.16,53.16,2123.7419999999997,2123.7419999999997,4.61163,4.58505,4.571759999999999,4.61163,4.598339999999999,4.58505,444.2847,6.0,506.22939,47.47188,132.1026,30.99228,15.948,645.03015,11.362950000000001,132.74052,4.8774299999999995,132.9,511.66499999999996,0.0,0.0,0.0,0.0
99,45261,0,99.675,101.00399999999999,91.701,94.359,21.264,22.593,53.16,53.16,591.405,590.076,4.45215,4.45215,4.37241,4.571759999999999,4.571759999999999,4.50531,443.60691,1.0,514.40274,47.03331,132.27537,31.29795,37.211999999999996,0.0,11.137020000000001,0.0,0.0,34.554,479.769,0.0,0.0,0.0,0.0
100,19632,1,99.675,101.00399999999999,91.701,94.359,21.264,22.593,53.16,53.16,599.379,598.05,4.3989899999999995,4.43886,4.34583,4.571759999999999,4.55847,4.53189,445.99911,5.0,514.40274,47.03331,132.27537,31.29795,37.211999999999996,0.0,11.123729999999998,0.0,0.0,34.554,523.626,0.0,0.0,0.0,0.0
101,25629,0,99.675,101.00399999999999,91.701,94.359,21.264,22.593,53.16,53.16,619.314,617.985,4.29267,4.33254,4.23951,4.49202,4.43886,4.45215,445.60041,2.0,518.3232899999999,47.11305,132.24879,31.4973,38.541,0.0,11.04399,0.0,0.0,35.882999999999996,449.202,0.0,0.0,0.0,0.0
102,47095,0,99.675,101.00399999999999,91.701,94.359,21.264,22.593,53.16,53.16,606.024,604.6949999999999,4.35912,4.3857,4.27938,4.545179999999999,4.571759999999999,4.50531,445.18842,6.0,514.40274,47.03331,132.27537,31.29795,37.211999999999996,0.0,11.1636,0.0,0.0,34.554,520.968,0.0,0.0,0.0,0.0
103,47095,0,99.675,101.00399999999999,91.701,94.359,21.264,22.593,53.16,53.16,612.669,611.34,4.45215,4.42557,4.37241,4.717949999999999,4.545179999999999,4.66479,445.89279,3.0,513.2730899999999,47.41872,132.27537,31.47072,37.211999999999996,0.0,11.123729999999998,0.0,0.0,35.882999999999996,544.89,0.0,0.0,0.0,0.0
104,18218,1,99.675,101.00399999999999,91.701,94.359,21.264,22.593,53.16,53.16,613.9979999999999,612.669,4.34583,4.35912,4.26609,4.691369999999999,4.49202,4.6514999999999995,446.13201,4.0,513.2730899999999,47.41872,132.27537,31.47072,37.211999999999996,0.0,11.349659999999998,0.0,0.0,35.882999999999996,528.942,0.0,0.0,0.0,0.0
105,43714,0,99.675,101.00399999999999,91.701,94.359,21.264,22.593,53.16,53.16,615.327,613.9979999999999,4.31925,4.35912,4.2528,4.545179999999999,4.50531,4.50531,443.96574,5.0,513.2730899999999,47.41872,132.27537,31.47072,37.211999999999996,0.0,11.30979,0.0,0.0,35.882999999999996,510.336,0.0,0.0,0.0,0.0
106,25496,0,99.675,101.00399999999999,91.701,94.359,21.264,22.593,53.16,53.16,620.643,619.314,4.31925,4.35912,4.2528,4.67808,4.49202,4.6249199999999995,444.74985,3.0,518.3232899999999,47.11305,132.24879,31.4973,38.541,0.0,11.2965,0.0,0.0,35.882999999999996,538.245,0.0,0.0,0.0,0.0
107,47095,0,99.675,101.00399999999999,91.701,94.359,21.264,22.593,53.16,53.16,616.656,615.327,4.29267,4.34583,4.23951,4.50531,4.53189,4.46544,443.07530999999994,6.0,513.2730899999999,47.41872,132.27537,31.47072,37.211999999999996,0.0,11.32308,0.0,0.0,35.882999999999996,542.232,0.0,0.0,0.0,0.0
108,47095,0,99.675,101.00399999999999,91.701,94.359,21.264,22.593,53.16,53.16,617.985,616.656,4.27938,4.30596,4.1996400000000005,4.47873,4.46544,4.43886,446.09214000000003,1.0,518.3232899999999,47.11305,132.24879,31.4973,38.541,0.0,11.20347,0.0,0.0,35.882999999999996,489.072,0.0,0.0,0.0,0.0
109,24390,1,95.688,95.688,55.818,146.19,14.619,14.619,53.16,53.16,2535.732,2533.074,4.3857,4.3857,4.37241,4.33254,4.30596,4.29267,445.13525999999996,1.0,511.77131999999995,47.12634,132.19563,31.165049999999997,34.554,0.0,11.123729999999998,0.0,0.0,33.225,426.609,0.0,0.0,0.0,0.0
110,29301,0,95.688,95.688,55.818,146.19,14.619,14.619,53.16,53.16,2537.061,2534.403,4.29267,4.29267,4.30596,4.46544,4.35912,4.35912,444.69669,2.0,511.77131999999995,47.12634,132.19563,31.165049999999997,34.554,0.0,10.97754,0.0,0.0,33.225,394.71299999999997,0.0,0.0,0.0,0.0
111,4911,0,95.688,95.688,55.818,146.19,14.619,14.619,53.16,53.16,2554.3379999999997,2551.68,4.29267,4.30596,4.31925,4.55847,4.3989899999999995,4.53189,445.02894,4.0,512.48898,47.11305,132.19563,31.191629999999996,33.225,0.0,11.216759999999999,0.0,0.0,33.225,455.847,0.0,0.0,0.0,0.0
112,32125,0,95.688,95.688,55.818,146.19,14.619,14.619,53.16,53.16,2539.719,2537.061,4.3857,4.41228,4.3989899999999995,4.53189,4.50531,4.43886,444.85617,3.0,511.77131999999995,47.12634,132.19563,31.165049999999997,34.554,0.0,11.030700000000001,0.0,0.0,33.225,364.146,0.0,0.0,0.0,0.0
113,32125,0,95.688,95.688,55.818,146.19,14.619,14.619,53.16,53.16,2541.048,2538.39,4.42557,4.3857,4.42557,4.571759999999999,4.46544,4.55847,445.06881,4.0,511.77131999999995,47.12634,132.19563,31.165049999999997,34.554,0.0,11.30979,0.0,0.0,33.225,451.86,0.0,0.0,0.0,0.0
114,23631,1,95.688,95.688,55.818,146.19,14.619,14.619,53.16,53.16,2546.364,2543.706,4.23951,4.2528,4.26609,4.29267,4.27938,4.26609,445.94595,5.0,511.77131999999995,47.12634,132.19563,31.165049999999997,34.554,0.0,11.2965,0.0,0.0,33.225,458.505,0.0,0.0,0.0,0.0
115,31071,0,95.688,95.688,55.818,146.19,14.619,14.619,53.16,53.16,2546.364,2543.706,4.2528,4.29267,4.30596,4.34583,4.26609,4.29267,445.20171,6.0,511.77131999999995,47.12634,132.19563,31.165049999999997,34.554,0.0,11.336369999999999,0.0,0.0,33.225,443.88599999999997,0.0,0.0,0.0,0.0
116,7440,0,95.688,95.688,55.818,146.19,14.619,14.619,53.16,53.16,2553.009,2550.351,4.35912,4.37241,4.3857,4.37241,4.31925,4.30596,444.31127999999995,3.0,512.48898,47.11305,132.19563,31.191629999999996,33.225,0.0,10.924380000000001,0.0,0.0,33.225,365.47499999999997,0.0,0.0,0.0,0.0
117,32125,0,95.688,95.688,55.818,146.19,14.619,14.619,53.16,53.16,2549.022,2546.364,4.6249199999999995,4.598339999999999,4.6514999999999995,4.45215,4.34583,4.3857,445.42764,1.0,512.48898,47.11305,132.19563,31.191629999999996,33.225,0.0,11.230049999999999,0.0,0.0,33.225,419.964,0.0,0.0,0.0,0.0
118,32125,0,95.688,95.688,55.818,146.19,14.619,14.619,53.16,53.16,2550.351,2547.6929999999998,4.31925,4.33254,4.35912,4.571759999999999,4.34583,4.545179999999999,444.52392000000003,2.0,512.48898,47.11305,132.19563,31.191629999999996,33.225,0.0,11.08386,0.0,0.0,33.225,392.055,0.0,0.0,0.0,0.0
119,27822,1,95.688,103.66199999999999,55.818,148.84799999999998,14.619,14.619,53.16,53.16,2152.98,2155.638,4.30596,4.29267,4.34583,4.26609,4.22622,4.31925,418.44894,1.0,504.78078,47.671229999999994,132.26208,31.098599999999998,27.909,0.0,11.09715,0.0,0.0,27.909,406.674,0.0,0.0,0.0,0.0
120,27822,1,95.688,103.66199999999999,55.818,148.84799999999998,14.619,14.619,53.16,53.16,2154.3089999999997,2156.967,4.545179999999999,4.5186,4.545179999999999,4.6249199999999995,4.49202,4.67808,443.00885999999997,2.0,504.78078,47.671229999999994,132.26208,31.098599999999998,27.909,0.0,10.93767,0.0,0.0,27.909,373.449,0.0,0.0,0.0,0.0
121,56322,0,95.688,103.66199999999999,55.818,148.84799999999998,14.619,14.619,53.16,53.16,2155.638,2158.296,4.571759999999999,4.53189,4.55847,4.63821,4.53189,4.67808,418.28946,3.0,504.78078,47.671229999999994,132.26208,31.098599999999998,27.909,0.0,10.95096,0.0,0.0,27.909,365.47499999999997,0.0,0.0,0.0,0.0
122,34457,1,95.688,103.66199999999999,55.818,148.84799999999998,14.619,14.619,53.16,53.16,2156.967,2159.625,4.46544,4.45215,4.47873,4.43886,4.3989899999999995,4.49202,418.42235999999997,4.0,504.78078,47.671229999999994,132.26208,31.098599999999998,27.909,0.0,11.2965,0.0,0.0,27.909,418.635,0.0,0.0,0.0,0.0
123,21865,0,95.688,103.66199999999999,55.818,148.84799999999998,14.619,14.619,53.16,53.16,2164.941,2167.599,4.46544,4.43886,4.47873,4.53189,4.41228,4.58505,443.46072,4.0,512.39595,47.02002,132.1026,31.05873,29.238,0.0,11.349659999999998,0.0,0.0,27.909,422.622,0.0,0.0,0.0,0.0
124,46208,1,95.688,103.66199999999999,55.818,148.84799999999998,14.619,14.619,53.16,53.16,2158.296,2160.9539999999997,4.42557,4.41228,4.45215,4.3857,4.34583,4.42557,418.05024,5.0,504.78078,47.671229999999994,132.26208,31.098599999999998,27.909,0.0,11.216759999999999,0.0,0.0,27.909,422.622,0.0,0.0,0.0,0.0
125,34457,1,95.688,103.66199999999999,55.818,148.84799999999998,14.619,14.619,53.16,53.16,2159.625,2162.283,4.46544,4.43886,4.47873,4.3857,4.33254,4.42557,418.23629999999997,6.0,504.78078,47.671229999999994,132.26208,31.098599999999998,27.909,0.0,11.256630000000001,0.0,0.0,27.909,438.57,0.0,0.0,0.0,0.0
126,11751,0,95.688,103.66199999999999,55.818,148.84799999999998,14.619,14.619,53.16,53.16,2166.27,2168.928,4.34583,4.31925,4.37241,4.5186,4.42557,4.58505,442.37094,5.0,512.39595,47.02002,132.1026,31.05873,29.238,0.0,11.26992,0.0,0.0,27.909,423.95099999999996,0.0,0.0,0.0,0.0
127,28311,1,95.688,103.66199999999999,55.818,148.84799999999998,14.619,14.619,53.16,53.16,2160.9539999999997,2163.612,4.571759999999999,4.545179999999999,4.58505,4.571759999999999,4.47873,4.61163,418.22301,1.0,512.39595,47.02002,132.1026,31.05873,29.238,0.0,11.216759999999999,0.0,0.0,27.909,398.7,0.0,0.0,0.0,0.0
128,7920,1,95.688,103.66199999999999,55.818,148.84799999999998,14.619,14.619,53.16,53.16,2162.283,2164.941,4.37241,4.35912,4.3989899999999995,4.35912,4.29267,4.3989899999999995,442.9557,2.0,512.39595,47.02002,132.1026,31.05873,29.238,0.0,11.08386,0.0,0.0,27.909,368.133,0.0,0.0,0.0,0.0
129,20391,0,95.688,103.66199999999999,55.818,148.84799999999998,14.619,14.619,53.16,53.16,2163.612,2166.27,4.55847,4.5186,4.571759999999999,4.37241,4.33254,4.41228,418.05024,3.0,512.39595,47.02002,132.1026,31.05873,29.238,0.0,11.017409999999998,0.0,0.0,27.909,358.83,0.0,0.0,0.0,0.0
130,36544,0,103.66199999999999,108.978,59.805,63.792,14.619,15.948,47.844,43.857,510.336,510.336,4.50531,4.45215,4.43886,4.27938,4.22622,4.21293,443.52717,1.0,515.6519999999999,46.23591,131.75706,30.646739999999998,25.250999999999998,0.0,11.28321,0.0,0.0,27.909,366.804,0.0,0.0,0.0,0.0
131,36544,0,103.66199999999999,108.978,59.805,63.792,14.619,15.948,47.844,43.857,511.66499999999996,511.66499999999996,4.55847,4.47873,4.47873,4.23951,4.15977,4.18635,443.15504999999996,2.0,515.6519999999999,46.23591,131.75706,30.646739999999998,25.250999999999998,0.0,11.26992,0.0,0.0,27.909,344.211,0.0,0.0,0.0,0.0
132,34975,0,103.66199999999999,108.978,59.805,63.792,14.619,15.948,47.844,43.857,512.994,512.994,4.545179999999999,4.47873,4.45215,4.27938,4.1996400000000005,4.18635,443.58032999999995,3.0,515.6519999999999,46.23591,131.75706,30.646739999999998,25.250999999999998,0.0,11.09715,0.0,0.0,27.909,368.133,0.0,0.0,0.0,0.0
133,34975,0,103.66199999999999,108.978,59.805,63.792,14.619,15.948,47.844,43.857,514.323,514.323,4.41228,4.35912,4.33254,4.21293,4.15977,4.15977,443.95245,4.0,515.6519999999999,46.23591,131.75706,30.646739999999998,25.250999999999998,0.0,11.442689999999999,0.0,0.0,27.909,411.99,0.0,0.0,0.0,0.0
134,23875,1,103.66199999999999,108.978,59.805,63.792,14.619,15.948,47.844,43.857,515.6519999999999,515.6519999999999,4.41228,4.34583,4.31925,4.27938,4.1996400000000005,4.1996400000000005,443.07530999999994,5.0,515.6519999999999,46.23591,131.75706,30.646739999999998,25.250999999999998,0.0,11.4294,0.0,0.0,27.909,384.08099999999996,0.0,0.0,0.0,0.0
135,33432,0,103.66199999999999,108.978,59.805,63.792,14.619,15.948,47.844,43.857,516.981,516.981,4.33254,4.26609,4.22622,4.22622,4.14648,4.15977,443.47400999999996,6.0,515.6519999999999,46.23591,131.75706,30.646739999999998,25.250999999999998,0.0,11.49585,0.0,0.0,27.909,415.977,0.0,0.0,0.0,0.0
136,10937,1,103.66199999999999,108.978,59.805,63.792,14.619,15.948,47.844,43.857,519.639,519.639,4.3989899999999995,4.34583,4.31925,4.22622,4.14648,4.14648,443.31453,1.0,517.27338,45.70431,131.53113,30.34107,26.58,0.0,11.455979999999998,0.0,0.0,27.909,358.83,0.0,0.0,0.0,0.0
137,10937,1,103.66199999999999,108.978,59.805,63.792,14.619,15.948,47.844,43.857,520.968,520.968,4.46544,4.3989899999999995,4.37241,4.33254,4.22622,4.2528,443.43414,2.0,517.27338,45.70431,131.53113,30.34107,26.58,0.0,11.32308,0.0,0.0,27.909,338.895,0.0,0.0,0.0,0.0
138,36544,0,103.66199999999999,108.978,59.805,63.792,14.619,15.948,47.844,43.857,562.167,562.167,4.46544,4.41228,4.37241,4.18635,4.13319,4.13319,443.93916,1.0,510.336,46.30236,131.77035,30.38094,26.58,0.0,11.455979999999998,0.0,0.0,27.909,354.84299999999996,0.0,0.0,0.0,0.0
139,36544,0,103.66199999999999,108.978,59.805,63.792,14.619,15.948,47.844,43.857,566.154,566.154,4.29267,4.2528,4.22622,4.34583,4.26609,4.26609,444.07205999999996,2.0,510.336,46.30236,131.77035,30.38094,26.58,0.0,11.2965,0.0,0.0,27.909,334.908,0.0,0.0,0.0,0.0
140,10217,1,103.66199999999999,108.978,59.805,63.792,14.619,15.948,47.844,43.857,567.483,567.483,4.47873,4.42557,4.3857,4.33254,4.2528,4.27938,444.01890000000003,3.0,510.336,46.30236,131.77035,30.38094,26.58,0.0,11.04399,0.0,0.0,27.909,358.83,0.0,0.0,0.0,0.0
141,7247,0,103.66199999999999,108.978,59.805,63.792,14.619,15.948,47.844,43.857,522.297,522.297,4.30596,4.26609,4.22622,4.23951,4.17306,4.15977,443.69994,3.0,517.27338,45.70431,131.53113,30.34107,26.58,0.0,11.20347,0.0,0.0,27.909,362.817,0.0,0.0,0.0,0.0
142,17464,1,103.66199999999999,108.978,59.805,63.792,14.619,15.948,47.844,43.857,568.812,568.812,4.30596,4.27938,4.22622,4.3857,4.30596,4.31925,444.21825,4.0,510.336,46.30236,131.77035,30.38094,26.58,0.0,11.41611,0.0,0.0,27.909,405.34499999999997,0.0,0.0,0.0,0.0
143,36544,0,103.66199999999999,108.978,59.805,63.792,14.619,15.948,47.844,43.857,570.141,570.141,4.47873,4.42557,4.3857,4.22622,4.14648,4.14648,444.20495999999997,5.0,510.336,46.30236,131.77035,30.38094,26.58,0.0,11.30979,0.0,0.0,27.909,378.765,0.0,0.0,0.0,0.0
144,36544,0,103.66199999999999,108.978,59.805,63.792,14.619,15.948,47.844,43.857,571.47,571.47,4.50531,4.45215,4.41228,4.29267,4.23951,4.23951,443.72652,6.0,510.336,46.30236,131.77035,30.38094,26.58,0.0,11.38953,0.0,0.0,27.909,410.661,0.0,0.0,0.0,0.0
145,23022,1,103.66199999999999,108.978,59.805,63.792,14.619,15.948,47.844,43.857,572.799,572.799,4.50531,4.45215,4.41228,4.26609,4.1996400000000005,4.21293,443.97902999999997,1.0,509.43228,45.8505,131.50455,29.99553,27.909,0.0,11.376240000000001,0.0,0.0,27.909,352.185,0.0,0.0,0.0,0.0
146,1328,1,103.66199999999999,108.978,59.805,63.792,14.619,15.948,47.844,43.857,574.1279999999999,574.1279999999999,4.34583,4.30596,4.26609,4.23951,4.18635,4.18635,443.88599999999997,2.0,509.43228,45.8505,131.50455,29.99553,27.909,0.0,11.20347,0.0,0.0,27.909,334.908,0.0,0.0,0.0,0.0
147,17212,0,103.66199999999999,108.978,59.805,63.792,14.619,15.948,47.844,43.857,575.457,575.457,4.3857,4.33254,4.30596,4.26609,4.21293,4.22622,444.33786,3.0,509.43228,45.8505,131.50455,29.99553,27.909,0.0,11.20347,0.0,0.0,27.909,350.856,0.0,0.0,0.0,0.0
148,32155,1,103.66199999999999,108.978,59.805,63.792,14.619,15.948,47.844,43.857,527.6129999999999,527.6129999999999,4.33254,4.29267,4.2528,4.34583,4.27938,4.29267,443.72652,1.0,513.4325699999999,46.27578,131.78364,30.567,27.909,0.0,11.38953,0.0,0.0,27.909,356.17199999999997,0.0,0.0,0.0,0.0
149,57518,0,103.66199999999999,108.978,59.805,63.792,14.619,15.948,47.844,43.857,530.271,530.271,4.34583,4.30596,4.27938,4.22622,4.15977,4.17306,444.1518,2.0,513.4325699999999,46.27578,131.78364,30.567,27.909,0.0,11.110439999999999,0.0,0.0,27.909,344.211,0.0,0.0,0.0,0.0
150,21463,1,103.66199999999999,108.978,59.805,63.792,14.619,15.948,47.844,43.857,539.574,539.574,4.45215,4.3989899999999995,4.3857,4.17306,4.10661,4.10661,443.6202,3.0,519.53268,45.810629999999996,131.70389999999998,30.59358,29.238,0.0,11.150310000000001,0.0,0.0,27.909,362.817,0.0,0.0,0.0,0.0
151,37427,1,103.66199999999999,108.978,59.805,63.792,14.619,15.948,47.844,43.857,531.6,531.6,4.46544,4.41228,4.37241,4.21293,4.14648,4.15977,443.91257999999993,3.0,513.4325699999999,46.27578,131.78364,30.567,27.909,0.0,11.123729999999998,0.0,0.0,27.909,360.159,0.0,0.0,0.0,0.0
152,37427,1,103.66199999999999,108.978,59.805,63.792,14.619,15.948,47.844,43.857,532.929,532.929,4.29267,4.2528,4.21293,4.1996400000000005,4.13319,4.14648,443.54046,4.0,513.4325699999999,46.27578,131.78364,30.567,27.909,0.0,11.442689999999999,0.0,0.0,27.909,404.01599999999996,0.0,0.0,0.0,0.0
153,60895,0,103.66199999999999,108.978,59.805,63.792,14.619,15.948,47.844,43.857,534.258,534.258,4.34583,4.30596,4.2528,4.3857,4.29267,4.29267,444.07205999999996,5.0,513.4325699999999,46.27578,131.78364,30.567,27.909,0.0,11.376240000000001,0.0,0.0,27.909,380.094,0.0,0.0,0.0,0.0
154,54475,1,103.66199999999999,108.978,59.805,63.792,14.619,15.948,47.844,43.857,535.587,535.587,4.33254,4.29267,4.2528,4.3989899999999995,4.31925,4.33254,443.93916,6.0,513.4325699999999,46.27578,131.78364,30.567,27.909,0.0,11.336369999999999,0.0,0.0,27.909,406.674,0.0,0.0,0.0,0.0
155,43770,1,103.66199999999999,108.978,59.805,63.792,14.619,15.948,47.844,43.857,536.9159999999999,536.9159999999999,4.2528,4.21293,4.18635,4.18635,4.10661,4.10661,443.85942,1.0,519.53268,45.810629999999996,131.70389999999998,30.59358,29.238,0.0,11.2965,0.0,0.0,27.909,361.488,0.0,0.0,0.0,0.0
156,43770,1,103.66199999999999,108.978,59.805,63.792,14.619,15.948,47.844,43.857,538.245,538.245,4.47873,4.43886,4.3989899999999995,4.31925,4.2528,4.26609,444.07205999999996,2.0,519.53268,45.810629999999996,131.70389999999998,30.59358,29.238,0.0,11.256630000000001,0.0,0.0,27.909,345.53999999999996,0.0,0.0,0.0,0.0
157,45007,1,95.688,93.03,51.830999999999996,71.76599999999999,15.948,15.948,43.857,43.857,3529.824,3527.1659999999997,4.67808,4.55847,4.571759999999999,4.66479,4.50531,4.61163,443.88599999999997,1.0,510.22968000000003,47.192789999999995,132.06273000000002,31.01886,26.58,0.0,11.150310000000001,0.0,0.0,23.922,382.752,0.0,0.0,0.0,0.0
158,63400,0,95.688,93.03,51.830999999999996,71.76599999999999,15.948,15.948,43.857,43.857,3533.8109999999997,3531.153,4.571759999999999,4.47873,4.46544,4.53189,4.42557,4.47873,443.63349,2.0,510.22968000000003,47.192789999999995,132.06273000000002,31.01886,26.58,0.0,11.07057,0.0,0.0,23.922,353.514,0.0,0.0,0.0,0.0
159,18393,0,95.688,93.03,51.830999999999996,71.76599999999999,15.948,15.948,43.857,43.857,3545.772,3543.114,4.45215,4.37241,4.35912,4.5186,4.3989899999999995,4.45215,444.08534999999995,5.0,511.15998,47.07318,132.03615,31.005569999999995,27.909,643.6612799999999,11.376240000000001,132.68736,4.89072,25.250999999999998,373.449,0.0,0.0,0.0,0.0
160,37572,1,95.688,93.03,51.830999999999996,71.76599999999999,15.948,15.948,43.857,43.857,3535.14,3532.482,4.63821,4.5186,4.53189,4.63821,4.49202,4.61163,443.83284,3.0,510.22968000000003,47.192789999999995,132.06273000000002,31.01886,26.58,640.578,11.243340000000002,132.35511,4.81098,23.922,370.791,0.0,0.0,0.0,0.0
161,27366,1,95.688,93.03,51.830999999999996,71.76599999999999,15.948,15.948,43.857,43.857,3536.469,3533.8109999999997,4.5186,4.45215,4.42557,4.545179999999999,4.43886,4.50531,444.16508999999996,4.0,510.22968000000003,47.192789999999995,132.06273000000002,31.01886,26.58,644.4719699999999,11.482560000000001,132.66078,866.0428499999999,23.922,405.34499999999997,0.0,0.0,0.0,0.0
162,10206,0,95.688,93.03,51.830999999999996,71.76599999999999,15.948,15.948,43.857,43.857,3544.4429999999998,3541.785,4.53189,4.42557,4.42557,4.571759999999999,4.42557,4.50531,443.73981,4.0,511.15998,47.07318,132.03615,31.005569999999995,27.909,644.71119,11.49585,132.6342,866.02956,25.250999999999998,396.042,0.0,0.0,0.0,0.0
163,57613,1,95.688,93.03,51.830999999999996,71.76599999999999,15.948,15.948,43.857,43.857,3537.798,3535.14,4.50531,4.42557,4.42557,4.46544,4.37241,4.41228,443.97902999999997,5.0,510.22968000000003,47.192789999999995,132.06273000000002,31.01886,26.58,638.94333,11.38953,132.64749,4.850849999999999,23.922,377.436,0.0,0.0,0.0,0.0
164,54968,1,95.688,93.03,51.830999999999996,71.76599999999999,15.948,15.948,43.857,43.857,3539.127,3536.469,4.6514999999999995,4.50531,4.53189,4.571759999999999,4.43886,4.50531,442.79622,6.0,510.22968000000003,47.192789999999995,132.06273000000002,31.01886,26.58,639.82047,11.442689999999999,132.66078,866.0960100000001,23.922,401.358,0.0,0.0,0.0,0.0
165,2645,0,95.688,93.03,51.830999999999996,71.76599999999999,15.948,15.948,43.857,43.857,3547.101,3544.4429999999998,4.49202,4.3989899999999995,4.3857,4.45215,4.35912,4.37241,444.5505,6.0,511.15998,47.07318,132.03615,31.005569999999995,27.909,645.4952999999999,11.41611,132.71394,866.0561399999999,25.250999999999998,406.674,0.0,0.0,0.0,0.0
166,17746,1,95.688,93.03,51.830999999999996,71.76599999999999,15.948,15.948,43.857,43.857,3540.4559999999997,3537.798,4.571759999999999,4.47873,4.46544,4.53189,4.42557,4.45215,443.56703999999996,1.0,511.15998,47.07318,132.03615,31.005569999999995,27.909,0.0,11.349659999999998,0.0,0.0,25.250999999999998,378.765,0.0,0.0,0.0,0.0
167,23771,1,95.688,93.03,51.830999999999996,71.76599999999999,15.948,15.948,43.857,43.857,3541.785,3539.127,4.49202,4.3857,4.37241,4.49202,4.3857,4.42557,443.15504999999996,2.0,511.15998,47.07318,132.03615,31.005569999999995,27.909,0.0,11.28321,0.0,0.0,25.250999999999998,352.185,0.0,0.0,0.0,0.0
168,6025,0,95.688,93.03,51.830999999999996,71.76599999999999,15.948,15.948,43.857,43.857,3543.114,3540.4559999999997,4.58505,4.47873,4.45215,4.53189,4.42557,4.45215,444.16508999999996,3.0,511.15998,47.07318,132.03615,31.005569999999995,27.909,640.3122,11.256630000000001,132.36839999999998,4.81098,25.250999999999998,369.462,0.0,0.0,0.0,0.0
169,30962,1,95.688,93.03,51.830999999999996,71.76599999999999,15.948,15.948,43.857,43.857,3769.044,3766.386,4.46544,4.31925,4.34583,4.58505,4.37241,4.50531,443.24807999999996,1.0,515.97096,46.82066999999999,131.99627999999998,31.12518,26.58,0.0,11.256630000000001,0.0,0.0,29.238,392.055,0.0,0.0,0.0,0.0
170,43212,1,95.688,93.03,51.830999999999996,71.76599999999999,15.948,15.948,43.857,43.857,3771.7019999999998,3769.044,4.46544,4.34583,4.34583,4.571759999999999,4.43886,4.50531,443.03544,2.0,515.97096,46.82066999999999,131.99627999999998,31.12518,26.58,0.0,11.137020000000001,0.0,0.0,29.238,354.84299999999996,0.0,0.0,0.0,0.0
171,12250,0,95.688,93.03,51.830999999999996,71.76599999999999,15.948,15.948,43.857,43.857,3783.663,3781.005,4.43886,4.31925,4.31925,4.47873,4.35912,4.41228,443.93916,5.0,515.05395,46.448550000000004,131.82351,30.739769999999996,27.909,634.38486,11.50914,132.43485,4.83756,29.238,374.77799999999996,0.0,0.0,0.0,0.0
172,23691,1,95.688,93.03,51.830999999999996,71.76599999999999,15.948,15.948,43.857,43.857,3773.031,3770.373,4.50531,4.3857,4.3857,4.49202,4.35912,4.42557,443.00885999999997,3.0,515.97096,46.82066999999999,131.99627999999998,31.12518,26.58,635.1291,11.349659999999998,132.06273000000002,4.7844,29.238,372.12,0.0,0.0,0.0,0.0
173,61649,1,95.688,93.03,51.830999999999996,71.76599999999999,15.948,15.948,43.857,43.857,3774.3599999999997,3771.7019999999998,4.43886,4.30596,4.31925,4.3857,4.26609,4.31925,443.30124,4.0,515.97096,46.82066999999999,131.99627999999998,31.12518,26.58,639.88692,11.58888,132.43485,866.0561399999999,29.238,402.687,0.0,0.0,0.0,0.0
174,37958,1,95.688,93.03,51.830999999999996,71.76599999999999,15.948,15.948,43.857,43.857,3782.334,3779.676,4.571759999999999,4.43886,4.45215,4.43886,4.33254,4.37241,442.87596,4.0,515.05395,46.448550000000004,131.82351,30.739769999999996,27.909,638.96991,11.602170000000001,132.46143,866.0694299999999,29.238,398.7,0.0,0.0,0.0,0.0
175,31081,1,95.688,93.03,51.830999999999996,71.76599999999999,15.948,15.948,43.857,43.857,3775.689,3773.031,4.5186,4.3857,4.3857,4.49202,4.35912,4.42557,443.60691,5.0,515.97096,46.82066999999999,131.99627999999998,31.12518,26.58,651.55554,11.442689999999999,132.59432999999999,4.95717,29.238,385.40999999999997,0.0,0.0,0.0,0.0
176,31081,1,95.688,93.03,51.830999999999996,71.76599999999999,15.948,15.948,43.857,43.857,3777.018,3774.3599999999997,4.3989899999999995,4.29267,4.29267,4.3857,4.27938,4.30596,443.50058999999993,6.0,515.97096,46.82066999999999,131.99627999999998,31.12518,26.58,632.76348,11.482560000000001,132.58104,866.13588,29.238,402.687,0.0,0.0,0.0,0.0
177,19926,1,95.688,93.03,51.830999999999996,71.76599999999999,15.948,15.948,43.857,43.857,3778.3469999999998,3775.689,4.35912,4.2528,4.2528,4.55847,4.3989899999999995,4.49202,443.28795,1.0,515.05395,46.448550000000004,131.82351,30.739769999999996,27.909,0.0,11.32308,0.0,0.0,29.238,380.094,0.0,0.0,0.0,0.0
178,62368,0,95.688,93.03,51.830999999999996,71.76599999999999,15.948,15.948,43.857,43.857,3779.676,3777.018,4.545179999999999,4.42557,4.43886,4.45215,4.34583,4.3857,443.00885999999997,2.0,515.05395,46.448550000000004,131.82351,30.739769999999996,27.909,0.0,11.256630000000001,0.0,0.0,29.238,344.211,0.0,0.0,0.0,0.0
179,22927,1,95.688,93.03,51.830999999999996,71.76599999999999,15.948,15.948,43.857,43.857,3781.005,3778.3469999999998,4.37241,4.2528,4.2528,4.41228,4.30596,4.33254,443.16833999999994,3.0,515.05395,46.448550000000004,131.82351,30.739769999999996,27.909,633.30837,11.362950000000001,132.11588999999998,4.771109999999999,29.238,366.804,0.0,0.0,0.0,0.0
180,19515,0,95.688,93.03,51.830999999999996,71.76599999999999,15.948,15.948,43.857,43.857,3784.9919999999997,3782.334,4.37241,4.26609,4.27938,4.45215,4.31925,4.37241,442.9557,6.0,515.05395,46.448550000000004,131.82351,30.739769999999996,27.909,631.50093,11.549009999999999,132.46143,866.14917,29.238,397.371,0.0,0.0,0.0,0.0
181,16566,1,95.688,93.03,51.830999999999996,71.76599999999999,15.948,15.948,43.857,43.857,4795.032,4792.374,4.5186,4.3857,4.3989899999999995,4.49202,4.37241,4.43886,439.44714000000005,1.0,512.39595,46.94028,131.99627999999998,31.01886,26.58,0.0,11.32308,0.0,0.0,29.238,394.71299999999997,0.0,0.0,0.0,0.0
182,56907,1,95.688,93.03,51.830999999999996,71.76599999999999,15.948,15.948,43.857,43.857,4797.69,4795.032,4.3857,4.27938,4.26609,4.3857,4.29267,4.30596,439.88571,2.0,512.39595,46.94028,131.99627999999998,31.01886,26.58,0.0,11.07057,0.0,0.0,29.238,353.514,0.0,0.0,0.0,0.0
183,30487,1,95.688,93.03,51.830999999999996,71.76599999999999,15.948,15.948,43.857,43.857,4813.638,4810.98,4.34583,4.23951,4.22622,4.45215,4.31925,4.37241,439.92557999999997,4.0,512.3427899999999,47.11305,132.08930999999998,31.12518,27.909,644.33907,11.49585,132.62091,866.0428499999999,29.238,408.003,0.0,0.0,0.0,0.0
184,9854,0,95.688,93.03,51.830999999999996,71.76599999999999,15.948,15.948,43.857,43.857,4816.296,4813.638,4.33254,4.23951,4.21293,4.34583,4.2528,4.29267,441.20142,6.0,512.3427899999999,47.11305,132.08930999999998,31.12518,27.909,650.1733800000001,11.349659999999998,132.78038999999998,866.02956,29.238,419.964,0.0,0.0,0.0,0.0
185,24963,1,95.688,93.03,51.830999999999996,71.76599999999999,15.948,15.948,43.857,43.857,4800.348,4797.69,4.43886,4.31925,4.30596,4.53189,4.3989899999999995,4.43886,439.69965,4.0,512.39595,46.94028,131.99627999999998,31.01886,26.58,638.50476,11.549009999999999,132.5013,866.0694299999999,29.238,405.34499999999997,0.0,0.0,0.0,0.0
186,50893,1,95.688,93.03,51.830999999999996,71.76599999999999,15.948,15.948,43.857,43.857,4803.005999999999,4800.348,4.34583,4.2528,4.23951,4.35912,4.27938,4.30596,439.92557999999997,5.0,512.39595,46.94028,131.99627999999998,31.01886,26.58,635.04936,11.40282,132.60762,4.824269999999999,29.238,381.423,0.0,0.0,0.0,0.0
187,25930,0,95.688,93.03,51.830999999999996,71.76599999999999,15.948,15.948,43.857,43.857,4814.967,4812.309,4.34583,4.2528,4.23951,4.41228,4.29267,4.33254,441.49379999999996,5.0,512.3427899999999,47.11305,132.08930999999998,31.12518,27.909,651.64857,11.30979,132.7671,4.93059,29.238,389.397,0.0,0.0,0.0,0.0
188,36127,1,95.688,93.03,51.830999999999996,71.76599999999999,15.948,15.948,43.857,43.857,4804.335,4801.677,4.43886,4.34583,4.33254,4.49202,4.33254,4.3857,439.35410999999993,6.0,512.39595,46.94028,131.99627999999998,31.01886,26.58,646.1598,11.455979999999998,132.62091,866.0428499999999,29.238,421.293,0.0,0.0,0.0,0.0
189,36127,1,95.688,93.03,51.830999999999996,71.76599999999999,15.948,15.948,43.857,43.857,4805.664,4803.005999999999,4.50531,4.3857,4.37241,4.49202,4.34583,4.41228,439.92557999999997,1.0,512.3427899999999,47.11305,132.08930999999998,31.12518,27.909,0.0,11.2965,0.0,0.0,29.238,384.08099999999996,0.0,0.0,0.0,0.0
190,20646,1,95.688,93.03,51.830999999999996,71.76599999999999,15.948,15.948,43.857,43.857,4808.322,4805.664,4.53189,4.42557,4.43886,4.3857,4.26609,4.29267,439.83254999999997,2.0,512.3427899999999,47.11305,132.08930999999998,31.12518,27.909,0.0,11.1636,0.0,0.0,29.238,345.53999999999996,0.0,0.0,0.0,0.0
191,20646,1,95.688,93.03,51.830999999999996,71.76599999999999,15.948,15.948,43.857,43.857,4809.651,4806.9929999999995,4.47873,4.34583,4.34583,4.3989899999999995,4.27938,4.30596,440.28441000000004,3.0,512.3427899999999,47.11305,132.08930999999998,31.12518,27.909,642.0399,11.26992,132.34181999999998,4.824269999999999,29.238,366.804,0.0,0.0,0.0,0.0
192,54739,0,98.346,90.372,53.16,69.108,15.948,15.948,43.857,46.515,2648.697,2648.697,4.33254,4.1199,4.3857,4.37241,4.31925,4.43886,433.44005999999996,4.0,512.6085899999999,47.325689999999994,132.18233999999998,31.311239999999998,25.250999999999998,637.50801,11.46927,132.59432999999999,4.8774299999999995,27.909,418.635,0.0,0.0,0.0,0.0
193,46208,1,98.346,90.372,53.16,69.108,15.948,15.948,43.857,46.515,2652.6839999999997,2652.6839999999997,4.31925,4.10661,4.37241,4.3989899999999995,4.35912,4.47873,432.9882,1.0,509.19305999999995,47.285819999999994,132.11588999999998,31.03215,26.58,621.87897,11.362950000000001,132.5013,4.717949999999999,29.238,366.804,0.0,0.0,0.0,0.0
194,8531,0,98.346,90.372,53.16,69.108,15.948,15.948,43.857,46.515,2691.225,2691.225,4.30596,4.10661,4.37241,4.30596,4.27938,4.3989899999999995,433.73244,1.0,512.98071,46.48842,131.81022000000002,30.63345,27.909,625.0818599999999,11.442689999999999,132.32853,4.744529999999999,29.238,370.791,0.0,0.0,0.0,0.0
195,36367,1,98.346,90.372,53.16,69.108,15.948,15.948,43.857,46.515,2656.671,2656.671,4.3857,4.18635,4.45215,4.22622,4.21293,4.30596,433.71915,4.0,509.19305999999995,47.285819999999994,132.11588999999998,31.03215,26.58,633.77352,11.41611,132.67407,4.83756,29.238,411.99,0.0,0.0,0.0,0.0
196,53598,0,98.346,90.372,53.16,69.108,15.948,15.948,43.857,46.515,2660.658,2660.658,4.3857,4.18635,4.45215,4.30596,4.27938,4.3989899999999995,433.49322,1.0,506.09648999999996,47.4453,132.1026,30.978989999999996,26.58,631.44777,11.30979,132.66078,4.7844,29.238,373.449,0.0,0.0,0.0,0.0
197,17231,0,98.346,90.372,53.16,69.108,15.948,15.948,43.857,46.515,2688.567,2688.567,4.31925,4.13319,4.3989899999999995,4.27938,4.26609,4.37241,434.25075,4.0,508.70133,46.727639999999994,131.87667,30.58029,25.250999999999998,617.75907,11.52243,132.43485,4.717949999999999,29.238,394.71299999999997,0.0,0.0,0.0,0.0
198,54034,0,98.346,90.372,53.16,69.108,15.948,15.948,43.857,46.515,2664.645,2664.645,4.35912,4.14648,4.3989899999999995,4.26609,4.26609,4.34583,433.66598999999997,4.0,506.09648999999996,47.4453,132.1026,30.978989999999996,26.58,626.8892999999999,11.455979999999998,132.59432999999999,4.7844,29.238,405.34499999999997,0.0,0.0,0.0,0.0
199,24486,1,98.346,90.372,53.16,69.108,15.948,15.948,43.857,46.515,2668.632,2668.632,4.3989899999999995,4.18635,4.43886,4.33254,4.31925,4.41228,433.70586,1.0,505.2858,47.352270000000004,132.08930999999998,30.859379999999998,25.250999999999998,637.16247,11.28321,132.67407,4.824269999999999,29.238,372.12,0.0,0.0,0.0,0.0
200,29548,0,98.346,90.372,53.16,69.108,15.948,15.948,43.857,46.515,2680.593,2680.593,4.41228,4.1996400000000005,4.47873,4.37241,4.33254,4.43886,433.49322,4.0,509.11332,46.833960000000005,131.92982999999998,30.6999,25.250999999999998,618.3571199999999,11.50914,132.47472000000002,4.73124,29.238,397.371,0.0,0.0,0.0,0.0
201,53116,0,98.346,90.372,53.16,69.108,15.948,15.948,43.857,46.515,2672.619,2672.619,4.26609,4.08003,4.35912,4.41228,4.35912,4.49202,433.86533999999995,4.0,505.2858,47.352270000000004,132.08930999999998,30.859379999999998,25.250999999999998,625.01541,11.442689999999999,132.62091,4.75782,29.238,396.042,0.0,0.0,0.0,0.0
202,24726,1,98.346,90.372,53.16,69.108,15.948,15.948,43.857,46.515,2676.6059999999998,2676.6059999999998,4.42557,4.23951,4.49202,4.41228,4.37241,4.50531,433.89192,1.0,509.11332,46.833960000000005,131.92982999999998,30.6999,25.250999999999998,619.51335,11.38953,132.47472000000002,4.70466,29.238,366.804,0.0,0.0,0.0,0.0
203,28390,1,98.346,90.372,53.16,69.108,15.948,15.948,43.857,46.515,2684.58,2684.58,4.37241,4.18635,4.43886,4.3857,4.37241,4.46544,433.41348,1.0,508.70133,46.727639999999994,131.87667,30.58029,25.250999999999998,621.8390999999999,11.40282,132.46143,4.717949999999999,29.238,365.47499999999997,0.0,0.0,0.0,0.0
204,61351,0,98.346,90.372,53.16,69.108,15.948,15.948,43.857,46.515,3096.5699999999997,3096.5699999999997,4.34583,4.10661,4.3989899999999995,4.37241,4.31925,4.46544,443.50058999999993,1.0,515.90451,46.368809999999996,131.86338,30.77964,29.238,645.3092399999999,11.336369999999999,132.54117,4.89072,29.238,368.133,0.0,0.0,0.0,0.0
205,39156,1,98.346,90.372,53.16,69.108,15.948,15.948,43.857,46.515,3097.899,3097.899,4.49202,4.2528,4.55847,4.29267,4.26609,4.35912,443.54046,2.0,515.90451,46.368809999999996,131.86338,30.77964,29.238,646.2262499999999,11.17689,132.38169,4.83756,29.238,338.895,0.0,0.0,0.0,0.0
206,22195,0,98.346,90.372,53.16,69.108,15.948,15.948,43.857,46.515,3103.2149999999997,3103.2149999999997,4.33254,4.1199,4.41228,4.26609,4.22622,4.35912,442.21146,5.0,515.90451,46.368809999999996,131.86338,30.77964,29.238,634.41144,11.482560000000001,132.39498,4.824269999999999,29.238,368.133,0.0,0.0,0.0,0.0
207,61771,0,98.346,90.372,53.16,69.108,15.948,15.948,43.857,46.515,3099.228,3099.228,4.58505,4.33254,4.63821,4.34583,4.29267,4.42557,443.15504999999996,3.0,515.90451,46.368809999999996,131.86338,30.77964,29.238,0.0,11.30979,0.0,0.0,29.238,345.53999999999996,0.0,0.0,0.0,0.0
208,53041,1,98.346,90.372,53.16,69.108,15.948,15.948,43.857,46.515,3100.557,3100.557,4.3989899999999995,4.17306,4.46544,4.34583,4.29267,4.43886,443.6202,4.0,515.90451,46.368809999999996,131.86338,30.77964,29.238,633.65391,11.562299999999999,132.36839999999998,4.86414,29.238,390.726,0.0,0.0,0.0,0.0
209,8730,0,98.346,90.372,53.16,69.108,15.948,15.948,43.857,46.515,3104.544,3104.544,4.33254,4.10661,4.3989899999999995,4.35912,4.30596,4.46544,443.46072,6.0,515.90451,46.368809999999996,131.86338,30.77964,29.238,630.57063,11.52243,132.42156,4.81098,29.238,392.055,0.0,0.0,0.0,0.0
210,23662,1,98.346,90.372,53.16,69.108,15.948,15.948,43.857,46.515,4721.937,4717.95,4.3857,4.30596,4.42557,4.26609,4.37241,4.35912,442.19817,2.0,522.76215,45.74418,131.63745,30.66003,27.909,629.06886,11.376240000000001,131.95641,4.744529999999999,31.896,336.23699999999997,0.0,0.0,0.0,0.0
211,61168,0,98.346,90.372,53.16,69.108,15.948,15.948,43.857,46.515,4723.266,4719.2789999999995,4.3989899999999995,4.31925,4.42557,4.55847,4.61163,4.6249199999999995,442.87596,3.0,522.76215,45.74418,131.63745,30.66003,27.909,628.94925,11.41611,131.65073999999998,4.744529999999999,31.896,349.527,0.0,0.0,0.0,0.0
212,37506,0,98.346,90.372,53.16,69.108,15.948,15.948,43.857,46.515,4727.253,4723.266,4.41228,4.31925,4.42557,4.50531,4.598339999999999,4.598339999999999,443.31453,6.0,522.76215,45.74418,131.63745,30.66003,27.909,632.57742,11.57559,132.30195,4.850849999999999,31.896,409.332,0.0,0.0,0.0,0.0
213,61708,0,98.346,90.372,53.16,69.108,15.948,15.948,43.857,46.515,4724.595,4720.608,4.41228,4.33254,4.43886,4.29267,4.3989899999999995,4.37241,443.14176,4.0,522.76215,45.74418,131.63745,30.66003,27.909,628.00566,11.668619999999999,132.08930999999998,4.83756,31.896,381.423,0.0,0.0,0.0,0.0
214,61708,0,98.346,90.372,53.16,69.108,15.948,15.948,43.857,46.515,4725.924,4721.937,4.45215,4.37241,4.46544,4.30596,4.41228,4.3857,442.58358,5.0,522.76215,45.74418,131.63745,30.66003,27.909,633.4279799999999,11.53572,132.30195,4.83756,31.896,377.436,0.0,0.0,0.0,0.0
215,61035,0,98.346,90.372,53.16,69.108,15.948,15.948,42.528,46.515,442.55699999999996,441.228,4.43886,4.37241,4.43886,4.42557,4.18635,4.50531,443.03544,1.0,508.62158999999997,47.657939999999996,132.31524,31.3644,27.909,654.16038,11.20347,132.75381,4.93059,31.896,381.423,0.0,0.0,0.0,0.0
216,31002,1,98.346,90.372,53.16,69.108,15.948,15.948,42.528,46.515,443.88599999999997,442.55699999999996,4.50531,4.42557,4.50531,4.6249199999999995,4.35912,4.67808,443.28795,2.0,508.62158999999997,47.657939999999996,132.31524,31.3644,27.909,649.46901,11.05728,132.64749,4.83756,31.896,350.856,0.0,0.0,0.0,0.0
217,30033,0,98.346,90.372,53.16,69.108,15.948,15.948,42.528,46.515,449.202,447.873,4.37241,4.29267,4.35912,4.3857,4.15977,4.45215,443.3544,6.0,508.62158999999997,47.657939999999996,132.31524,31.3644,27.909,653.8679999999999,11.28321,132.83355,4.95717,31.896,427.938,0.0,0.0,0.0,0.0
218,20802,1,98.346,90.372,53.16,69.108,15.948,15.948,42.528,46.515,445.215,443.88599999999997,4.41228,4.35912,4.42557,4.3989899999999995,4.15977,4.46544,443.2215,3.0,508.62158999999997,47.657939999999996,132.31524,31.3644,27.909,651.91437,11.08386,132.56775,4.850849999999999,31.896,366.804,0.0,0.0,0.0,0.0
219,58597,0,98.346,90.372,53.16,69.108,15.948,15.948,42.528,46.515,446.544,445.215,4.3989899999999995,4.34583,4.3989899999999995,4.37241,4.14648,4.43886,442.74305999999996,4.0,508.62158999999997,47.657939999999996,132.31524,31.3644,27.909,653.0440199999999,11.32308,132.7671,4.97046,31.896,408.003,0.0,0.0,0.0,0.0
220,37795,1,98.346,90.372,53.16,69.108,15.948,15.948,42.528,46.515,447.873,446.544,4.3857,4.31925,4.3857,4.3989899999999995,4.17306,4.45215,443.34110999999996,5.0,508.62158999999997,47.657939999999996,132.31524,31.3644,27.909,652.10043,11.256630000000001,132.83355,4.93059,31.896,400.029,0.0,0.0,0.0,0.0
221,33845,1,102.333,90.372,55.818,69.108,15.948,15.948,42.528,47.844,3503.2439999999997,3497.928,4.42557,4.63821,4.43886,4.42557,4.3989899999999995,4.43886,440.68310999999994,1.0,512.54214,47.12634,132.04944,31.165049999999997,29.238,649.42914,11.30979,132.6342,4.93059,33.225,385.40999999999997,0.0,0.0,0.0,0.0
222,62840,0,102.333,90.372,55.818,69.108,15.948,15.948,42.528,47.844,3507.2309999999998,3501.915,4.37241,4.571759999999999,4.35912,4.37241,4.35912,4.3857,439.91229,4.0,512.54214,47.12634,132.04944,31.165049999999997,29.238,641.86713,11.455979999999998,132.59432999999999,4.9173,33.225,401.358,0.0,0.0,0.0,0.0
223,61400,0,102.333,90.372,55.818,69.108,15.948,15.948,42.528,47.844,3511.218,3505.902,4.3989899999999995,4.598339999999999,4.3989899999999995,4.34583,4.31925,4.35912,440.72298,1.0,510.36258,47.152919999999995,132.06273000000002,31.04544,30.567,642.34557,11.349659999999998,132.55445999999998,4.8774299999999995,33.225,374.77799999999996,0.0,0.0,0.0,0.0
224,32405,1,102.333,90.372,55.818,69.108,15.948,15.948,42.528,47.844,3515.205,3509.8889999999997,4.3989899999999995,4.58505,4.3989899999999995,4.3989899999999995,4.37241,4.3989899999999995,440.21796,3.0,510.36258,47.152919999999995,132.06273000000002,31.04544,30.567,641.4418499999999,11.20347,132.34181999999998,4.797689999999999,33.225,349.527,0.0,0.0,0.0,0.0
225,28995,0,102.333,90.372,55.818,69.108,15.948,15.948,42.528,47.844,3517.863,3512.547,4.37241,4.571759999999999,4.37241,4.3857,4.37241,4.3857,440.65653,6.0,510.36258,47.152919999999995,132.06273000000002,31.04544,30.567,643.34232,11.362950000000001,132.72723,4.89072,33.225,415.977,0.0,0.0,0.0,0.0
226,40445,1,102.333,90.372,55.818,69.108,15.948,15.948,42.528,47.844,3504.573,3499.257,4.49202,4.67808,4.49202,4.598339999999999,4.571759999999999,4.61163,416.25609,2.0,512.54214,47.12634,132.04944,31.165049999999997,29.238,647.58183,11.1636,132.5013,4.850849999999999,33.225,344.211,0.0,0.0,0.0,0.0
227,40445,1,102.333,90.372,55.818,69.108,15.948,15.948,42.528,47.844,3508.56,3503.2439999999997,4.35912,4.545179999999999,4.34583,4.34583,4.34583,4.37241,440.97549,5.0,512.54214,47.12634,132.04944,31.165049999999997,29.238,627.4209,11.455979999999998,132.56775,4.7844,33.225,374.77799999999996,0.0,0.0,0.0,0.0
228,44004,1,102.333,90.372,55.818,69.108,15.948,15.948,42.528,47.844,3512.547,3507.2309999999998,4.45215,4.63821,4.43886,4.43886,4.41228,4.45215,439.56675,2.0,510.36258,47.152919999999995,132.06273000000002,31.04544,30.567,638.47818,11.20347,132.38169,4.7844,33.225,336.23699999999997,0.0,0.0,0.0,0.0
229,19204,1,102.333,90.372,55.818,69.108,15.948,15.948,42.528,47.844,3516.534,3511.218,4.45215,4.6514999999999995,4.45215,4.3989899999999995,4.37241,4.3989899999999995,416.17634999999996,4.0,510.36258,47.152919999999995,132.06273000000002,31.04544,30.567,643.5549599999999,11.442689999999999,132.59432999999999,4.9173,33.225,398.7,0.0,0.0,0.0,0.0
230,60920,0,102.333,90.372,55.818,69.108,15.948,15.948,42.528,47.844,3505.902,3500.586,4.50531,4.67808,4.47873,4.63821,4.598339999999999,4.63821,440.64324,3.0,512.54214,47.12634,132.04944,31.165049999999997,29.238,647.92737,11.230049999999999,132.32853,4.86414,33.225,352.185,0.0,0.0,0.0,0.0
231,39245,1,102.333,90.372,55.818,69.108,15.948,15.948,42.528,47.844,3509.8889999999997,3504.573,4.37241,4.58505,4.37241,4.42557,4.3857,4.43886,440.76284999999996,6.0,512.54214,47.12634,132.04944,31.165049999999997,29.238,646.9572,11.49585,132.60762,4.94388,33.225,422.622,0.0,0.0,0.0,0.0
232,23524,1,102.333,90.372,55.818,69.108,15.948,15.948,42.528,47.844,3517.863,3512.547,4.35912,4.55847,4.35912,4.50531,4.47873,4.53189,441.01535999999993,5.0,510.36258,47.152919999999995,132.06273000000002,31.04544,30.567,646.43889,11.336369999999999,132.72723,4.89072,33.225,384.08099999999996,0.0,0.0,0.0,0.0
233,36250,1,98.346,90.372,53.16,69.108,15.948,15.948,42.528,47.844,3091.254,3085.938,4.2528,4.46544,4.27938,4.27938,4.29267,4.30596,442.86267000000004,6.0,512.05041,47.192789999999995,132.24879,31.2315,31.896,641.1096,11.38953,132.67407,4.86414,33.225,405.34499999999997,0.0,0.0,0.0,0.0
240,29631,1,104.991,94.359,55.818,70.437,15.948,15.948,42.528,47.844,1156.23,1154.901,4.26609,4.53189,4.3857,4.23951,4.47873,4.31925,444.56379,3.0,518.69541,45.863789999999995,131.67731999999998,30.553709999999995,33.225,621.42711,11.41611,131.81022000000002,4.67808,33.225,332.25,0.0,0.0,0.0,0.0
241,28390,1,104.991,94.359,55.818,70.437,15.948,15.948,42.528,47.844,1157.559,1156.23,4.34583,4.598339999999999,4.43886,4.3857,4.63821,4.49202,444.13851,4.0,518.69541,45.863789999999995,131.67731999999998,30.553709999999995,33.225,635.62083,11.62875,132.22221,4.8774299999999995,33.225,381.423,0.0,0.0,0.0,0.0
242,1241,0,104.991,94.359,55.818,70.437,15.948,15.948,42.528,47.844,1160.2169999999999,1158.888,4.1996400000000005,4.49202,4.34583,4.13319,4.3989899999999995,4.2528,445.01565,6.0,518.69541,45.863789999999995,131.67731999999998,30.553709999999995,33.225,621.58659,11.62875,132.22221,4.75782,33.225,370.791,0.0,0.0,0.0,0.0
243,28390,1,104.991,94.359,55.818,70.437,15.948,15.948,42.528,47.844,1158.888,1157.559,4.31925,4.58505,4.45215,4.33254,4.55847,4.42557,444.47076,5.0,518.69541,45.863789999999995,131.67731999999998,30.553709999999995,33.225,628.43094,11.58888,132.22221,4.797689999999999,33.225,361.488,0.0,0.0,0.0,0.0
245,30860,1,104.991,94.359,55.818,70.437,15.948,15.948,42.528,47.844,1161.546,1160.2169999999999,4.31925,4.571759999999999,4.43886,4.35912,4.598339999999999,4.46544,444.35115,1.0,518.45619,46.06314,131.78364,30.6999,33.225,627.92592,11.455979999999998,132.27537,4.7844,33.225,334.908,0.0,0.0,0.0,0.0
246,33194,1,104.991,94.359,55.818,70.437,15.948,15.948,42.528,47.844,1162.875,1161.546,4.30596,4.545179999999999,4.3989899999999995,4.1996400000000005,4.45215,4.30596,444.31127999999995,2.0,518.45619,46.06314,131.78364,30.6999,33.225,635.99295,11.30979,132.1026,4.7844,33.225,342.882,0.0,0.0,0.0,0.0
247,28405,1,104.991,94.359,55.818,70.437,15.948,15.948,42.528,47.844,1145.598,1144.269,4.27938,4.5186,4.37241,4.29267,4.53189,4.37241,444.04548,1.0,519.28017,45.69102,131.55771,30.407519999999998,33.225,623.71299,11.57559,132.1026,4.75782,33.225,333.579,0.0,0.0,0.0,0.0
248,48968,1,104.991,94.359,55.818,70.437,15.948,15.948,42.528,47.844,1146.927,1145.598,4.33254,4.598339999999999,4.45215,4.45215,4.691369999999999,4.545179999999999,444.47076,2.0,519.28017,45.69102,131.55771,30.407519999999998,33.225,626.18493,11.4294,131.92982999999998,4.717949999999999,33.225,338.895,0.0,0.0,0.0,0.0
249,20563,1,104.991,94.359,55.818,70.437,15.948,15.948,42.528,47.844,1148.2559999999999,1146.927,4.1996400000000005,4.47873,4.34583,4.29267,4.53189,4.3857,444.70998,3.0,519.28017,45.69102,131.55771,30.407519999999998,33.225,622.5700499999999,11.455979999999998,131.71719,4.691369999999999,33.225,332.25,0.0,0.0,0.0,0.0
250,18366,1,104.991,93.03,57.147,70.437,15.948,15.948,42.528,47.844,43.857,49.173,4.717949999999999,4.9040099999999995,4.744529999999999,4.850849999999999,4.95717,4.86414,442.91582999999997,4.0,513.29967,46.448550000000004,131.91654,30.6999,31.896,633.0558599999999,11.46927,132.47472000000002,4.83756,34.554,392.055,0.0,0.0,0.0,0.0
251,56281,0,104.991,93.03,57.147,70.437,15.948,15.948,42.528,47.844,45.186,50.501999999999995,4.73124,4.89072,4.744529999999999,4.73124,4.86414,4.771109999999999,443.38097999999997,5.0,513.29967,46.448550000000004,131.91654,30.6999,31.896,632.09898,11.40282,132.52787999999998,4.797689999999999,34.554,376.10699999999997,0.0,0.0,0.0,0.0
252,22315,1,104.991,93.03,57.147,70.437,15.948,15.948,42.528,47.844,53.16,58.476,4.63821,4.850849999999999,4.691369999999999,4.53189,4.691369999999999,4.55847,443.36769,5.0,514.50906,46.42197,131.91654,30.75306,31.896,636.81693,11.376240000000001,132.54117,4.824269999999999,34.554,377.436,0.0,0.0,0.0,0.0
253,15600,0,104.991,93.03,57.147,70.437,15.948,15.948,42.528,47.844,54.489,59.805,4.598339999999999,4.797689999999999,4.6249199999999995,4.824269999999999,4.95717,4.850849999999999,443.00885999999997,6.0,514.50906,46.42197,131.91654,30.75306,31.896,641.1760499999999,11.40282,132.56775,4.86414,34.554,408.003,0.0,0.0,0.0,0.0
254,18598,1,104.991,93.03,57.147,70.437,15.948,15.948,42.528,47.844,46.515,51.830999999999996,4.67808,4.850849999999999,4.70466,4.717949999999999,4.86414,4.75782,443.63349,6.0,513.29967,46.448550000000004,131.91654,30.6999,31.896,637.6674899999999,11.442689999999999,132.54117,4.850849999999999,34.554,410.661,0.0,0.0,0.0,0.0
255,18598,1,104.991,93.03,57.147,70.437,15.948,15.948,42.528,47.844,47.844,53.16,4.55847,4.771109999999999,4.6249199999999995,4.797689999999999,4.9040099999999995,4.81098,443.20821,1.0,514.50906,46.42197,131.91654,30.75306,31.896,640.55142,11.336369999999999,132.47472000000002,4.850849999999999,34.554,366.804,0.0,0.0,0.0,0.0
256,16686,1,104.991,93.03,57.147,70.437,15.948,15.948,42.528,47.844,49.173,54.489,4.691369999999999,4.86414,4.73124,4.691369999999999,4.824269999999999,4.717949999999999,443.23479,2.0,514.50906,46.42197,131.91654,30.75306,31.896,638.6775299999999,11.19018,132.27537,4.771109999999999,34.554,342.882,0.0,0.0,0.0,0.0
257,23856,1,104.991,93.03,57.147,70.437,15.948,15.948,42.528,47.844,50.501999999999995,55.818,4.73124,4.89072,4.73124,4.6514999999999995,4.7844,4.691369999999999,442.96898999999996,3.0,514.50906,46.42197,131.91654,30.75306,31.896,628.85622,11.32308,132.00957,4.717949999999999,34.554,349.527,0.0,0.0,0.0,0.0
258,7170,0,104.991,93.03,57.147,70.437,15.948,15.948,42.528,47.844,51.830999999999996,57.147,4.545179999999999,4.717949999999999,4.571759999999999,4.61163,4.73124,4.6249199999999995,442.90254,4.0,514.50906,46.42197,131.91654,30.75306,31.896,633.74694,11.53572,132.38169,4.850849999999999,34.554,390.726,0.0,0.0,0.0,0.0
259,28965,1,101.00399999999999,91.701,54.489,70.437,15.948,15.948,42.528,47.844,3350.409,3343.764,4.55847,4.98375,4.49202,4.73124,5.11665,4.73124,443.64678,1.0,514.73499,46.99344,132.15576,31.244790000000002,33.225,648.9905699999999,11.32308,132.59432999999999,4.9173,35.882999999999996,358.83,0.0,0.0,0.0,0.0
260,38685,0,101.00399999999999,91.701,54.489,70.437,15.948,15.948,42.528,47.844,3351.738,3345.093,4.55847,4.997039999999999,4.50531,4.598339999999999,5.03691,4.58505,443.50058999999993,2.0,514.73499,46.99344,132.15576,31.244790000000002,33.225,645.3624,11.1636,132.42156,4.824269999999999,35.882999999999996,373.449,0.0,0.0,0.0,0.0
261,9720,0,101.00399999999999,91.701,54.489,70.437,15.948,15.948,42.528,47.844,3359.712,3353.067,4.49202,4.9173,4.41228,4.6514999999999995,5.076779999999999,4.63821,443.83284,2.0,515.59884,47.11305,132.2355,31.3644,35.882999999999996,651.10368,11.110439999999999,132.51459,4.86414,35.882999999999996,377.436,0.0,0.0,0.0,0.0
262,23924,1,101.00399999999999,91.701,54.489,70.437,15.948,15.948,42.528,47.844,3353.067,3346.422,4.5186,4.95717,4.47873,4.73124,5.03691,4.717949999999999,443.79296999999997,3.0,514.73499,46.99344,132.15576,31.244790000000002,33.225,647.11668,11.17689,132.43485,4.83756,35.882999999999996,352.185,0.0,0.0,0.0,0.0
263,29804,1,101.00399999999999,91.701,54.489,70.437,15.948,15.948,42.528,47.844,3354.3959999999997,3347.7509999999997,4.6249199999999995,5.050199999999999,4.571759999999999,4.571759999999999,4.997039999999999,4.55847,443.47400999999996,4.0,514.73499,46.99344,132.15576,31.244790000000002,33.225,653.6022,11.38953,132.67407,4.98375,35.882999999999996,394.71299999999997,0.0,0.0,0.0,0.0
264,5880,0,101.00399999999999,91.701,54.489,70.437,15.948,15.948,42.528,47.844,3358.383,3351.738,4.50531,4.94388,4.43886,4.717949999999999,5.06349,4.691369999999999,443.97902999999997,1.0,515.59884,47.11305,132.2355,31.3644,35.882999999999996,651.4890899999999,11.26992,132.67407,4.93059,35.882999999999996,358.83,0.0,0.0,0.0,0.0
265,39410,0,101.00399999999999,91.701,54.489,70.437,15.948,15.948,42.528,47.844,3355.725,3349.08,4.53189,4.95717,4.46544,4.73124,5.09007,4.717949999999999,443.81955,5.0,514.73499,46.99344,132.15576,31.244790000000002,33.225,642.8372999999999,11.32308,132.67407,4.86414,35.882999999999996,381.423,0.0,0.0,0.0,0.0
266,29689,1,101.00399999999999,91.701,54.489,70.437,15.948,15.948,42.528,47.844,3357.054,3350.409,4.47873,4.9040099999999995,4.42557,4.55847,4.97046,4.545179999999999,444.16508999999996,6.0,514.73499,46.99344,132.15576,31.244790000000002,33.225,651.1967099999999,11.362950000000001,132.70065,4.94388,35.882999999999996,413.31899999999996,0.0,0.0,0.0,0.0
267,9721,0,101.00399999999999,91.701,54.489,70.437,15.948,15.948,42.528,47.844,3361.0409999999997,3354.3959999999997,4.50531,4.93059,4.43886,4.58505,4.997039999999999,4.545179999999999,443.43414,3.0,515.59884,47.11305,132.2355,31.3644,35.882999999999996,648.96399,11.17689,132.43485,4.850849999999999,35.882999999999996,352.185,0.0,0.0,0.0,0.0
268,59087,1,97.017,91.701,53.16,70.437,15.948,15.948,42.528,47.844,199.35,199.35,4.50531,4.50531,4.46544,4.55847,4.73124,4.5186,442.79622,1.0,512.2364699999999,47.64465,132.31524,31.550459999999998,27.909,658.2138299999999,11.230049999999999,132.78038999999998,4.98375,33.225,357.501,0.0,0.0,0.0,0.0
269,23756,1,97.017,91.701,53.16,70.437,15.948,15.948,42.528,47.844,200.679,200.679,4.571759999999999,4.55847,4.5186,4.6514999999999995,4.824269999999999,4.6249199999999995,443.3544,2.0,512.2364699999999,47.64465,132.31524,31.550459999999998,27.909,654.35973,11.08386,132.67407,4.89072,33.225,361.488,0.0,0.0,0.0,0.0
270,20876,1,97.017,91.701,53.16,70.437,15.948,15.948,42.528,47.844,204.666,204.666,4.58505,4.571759999999999,4.55847,4.55847,4.717949999999999,4.53189,443.23479,5.0,512.2364699999999,47.64465,132.31524,31.550459999999998,27.909,654.12051,11.26992,132.80697,4.95717,33.225,385.40999999999997,0.0,0.0,0.0,0.0
271,53163,1,97.017,91.701,53.16,70.437,15.948,15.948,42.528,47.844,205.995,205.995,4.55847,4.53189,4.5186,4.50531,4.75782,4.49202,443.08859999999993,6.0,512.2364699999999,47.64465,132.31524,31.550459999999998,27.909,658.2537,11.2965,132.82026,4.997039999999999,33.225,392.055,0.0,0.0,0.0,0.0
272,35757,1,97.017,91.701,53.16,70.437,15.948,15.948,42.528,47.844,215.298,215.298,4.55847,4.5186,4.50531,4.571759999999999,4.717949999999999,4.53189,443.40756,1.0,512.31621,47.21937,132.15576,31.218209999999996,27.909,642.86388,11.32308,132.6342,4.8774299999999995,33.225,349.527,0.0,0.0,0.0,0.0
273,61568,0,97.017,91.701,53.16,70.437,15.948,15.948,42.528,47.844,216.62699999999998,216.62699999999998,4.55847,4.53189,4.5186,4.63821,4.7844,4.61163,443.43414,2.0,512.31621,47.21937,132.15576,31.218209999999996,27.909,652.2067499999999,11.1636,132.52787999999998,4.8774299999999995,33.225,365.47499999999997,0.0,0.0,0.0,0.0
274,9005,1,97.017,91.701,53.16,70.437,15.948,15.948,42.528,47.844,217.956,217.956,4.49202,4.49202,4.43886,4.571759999999999,4.771109999999999,4.53189,443.16833999999994,3.0,512.31621,47.21937,132.15576,31.218209999999996,27.909,653.7749699999999,11.28321,132.36839999999998,4.9173,33.225,358.83,0.0,0.0,0.0,0.0
275,9005,1,97.017,91.701,53.16,70.437,15.948,15.948,42.528,47.844,220.614,220.614,4.53189,4.47873,4.49202,4.61163,4.744529999999999,4.58505,443.76639,5.0,512.31621,47.21937,132.15576,31.218209999999996,27.909,651.0771,11.2965,132.75381,4.93059,33.225,385.40999999999997,0.0,0.0,0.0,0.0
276,35517,1,97.017,91.701,53.16,70.437,15.948,15.948,42.528,47.844,239.22,239.22,4.55847,4.53189,4.49202,4.58505,4.771109999999999,4.545179999999999,443.42085,1.0,506.53506,47.89716,132.36839999999998,31.377689999999998,33.225,654.0009,11.1636,132.82026,4.93059,31.896,348.198,0.0,0.0,0.0,0.0
277,56358,1,97.017,91.701,53.16,70.437,15.948,15.948,42.528,47.844,240.549,240.549,4.5186,4.49202,4.46544,4.545179999999999,4.70466,4.50531,443.46072,2.0,506.53506,47.89716,132.36839999999998,31.377689999999998,33.225,654.0673499999999,11.017409999999998,132.72723,4.86414,31.896,356.17199999999997,0.0,0.0,0.0,0.0
278,32744,1,97.017,91.701,53.16,70.437,15.948,15.948,42.528,47.844,243.207,243.207,4.5186,4.49202,4.46544,4.691369999999999,4.81098,4.67808,443.72652,4.0,506.53506,47.89716,132.36839999999998,31.377689999999998,33.225,652.56558,11.28321,132.79368,4.95717,31.896,366.804,0.0,0.0,0.0,0.0
279,62231,0,97.017,91.701,53.16,70.437,15.948,15.948,42.528,47.844,244.536,244.536,4.5186,4.50531,4.47873,4.66479,4.824269999999999,4.63821,443.36769,5.0,506.53506,47.89716,132.36839999999998,31.377689999999998,33.225,650.19996,11.20347,132.84684,4.9040099999999995,31.896,376.10699999999997,0.0,0.0,0.0,0.0
280,44163,1,97.017,91.701,53.16,70.437,15.948,15.948,42.528,47.844,487.743,487.743,4.63821,4.31925,4.61163,4.6249199999999995,4.545179999999999,4.6249199999999995,443.15504999999996,2.0,513.03387,22.84551,771.44463,11.1636,17.277,652.04727,11.09715,132.6342,4.86414,30.567,358.83,0.0,0.0,0.0,0.0
281,26517,1,97.017,91.701,53.16,70.437,15.948,15.948,42.528,47.844,490.401,490.401,4.61163,4.31925,4.598339999999999,4.66479,4.58505,4.66479,443.20821,3.0,508.28934,34.31478,122.89263,20.93175,30.567,651.32961,11.110439999999999,132.60762,4.86414,31.896,345.53999999999996,0.0,0.0,0.0,0.0
282,18716,1,97.017,91.701,53.16,70.437,15.948,15.948,42.528,47.844,491.72999999999996,491.72999999999996,4.571759999999999,4.43886,4.545179999999999,4.63821,4.691369999999999,4.61163,443.06201999999996,4.0,508.28934,34.31478,122.89263,20.93175,30.567,657.01773,11.2965,132.79368,4.997039999999999,31.896,368.133,0.0,0.0,0.0,0.0
283,51128,1,97.017,91.701,53.16,70.437,15.948,15.948,42.528,47.844,493.05899999999997,493.05899999999997,4.5186,4.3989899999999995,4.50531,4.55847,4.66479,4.55847,443.15504999999996,5.0,508.28934,34.31478,122.89263,20.93175,30.567,649.52217,11.26992,132.78038999999998,4.9040099999999995,31.896,377.436,0.0,0.0,0.0,0.0
284,25612,1,99.675,89.04299999999999,55.818,69.108,15.948,15.948,42.528,47.844,31.896,31.896,4.34583,3.6414600000000004,4.34583,4.41228,2.7510299999999996,4.42557,442.90254,1.0,511.05366000000004,46.35552,131.79693,30.42081,31.896,630.53076,11.41611,132.44814,4.7844,30.567,332.25,0.0,0.0,0.0,0.0
285,33299,1,99.675,89.04299999999999,55.818,69.108,15.948,15.948,42.528,47.844,33.225,33.225,4.37241,3.37566,4.37241,4.42557,3.3225,4.42557,442.42409999999995,2.0,511.05366000000004,46.35552,131.79693,30.42081,31.896,633.20205,11.256630000000001,132.27537,4.744529999999999,30.567,341.553,0.0,0.0,0.0,0.0
286,24171,1,99.675,89.04299999999999,55.818,69.108,15.948,15.948,42.528,47.844,35.882999999999996,35.882999999999996,4.33254,3.17631,4.35912,4.37241,3.3225,4.3857,442.71648,3.0,511.05366000000004,46.35552,131.79693,30.42081,31.896,631.32816,11.349659999999998,132.07602,4.744529999999999,30.567,332.25,0.0,0.0,0.0,0.0
287,53016,1,99.675,89.04299999999999,55.818,69.108,15.948,15.948,42.528,47.844,37.211999999999996,37.211999999999996,4.3989899999999995,3.25605,4.41228,4.42557,2.8041899999999997,4.42557,443.24807999999996,4.0,511.05366000000004,46.35552,131.79693,30.42081,31.896,629.25492,11.549009999999999,132.39498,4.81098,30.567,346.86899999999997,0.0,0.0,0.0,0.0
289,41573,1,95.688,91.701,53.16,70.437,15.948,15.948,42.528,47.844,176.757,176.757,4.66479,4.70466,4.598339999999999,4.6514999999999995,4.6514999999999995,4.6249199999999995,443.14176,1.0,522.58938,46.6479,132.07602,31.417559999999998,30.567,650.5853699999999,11.40282,132.54117,4.95717,30.567,354.84299999999996,0.0,0.0,0.0,0.0
292,59383,1,94.359,91.701,51.830999999999996,70.437,15.948,15.948,42.528,47.844,2273.919,2273.919,4.49202,3.65475,4.50531,4.58505,2.85735,4.598339999999999,442.23803999999996,3.0,507.34575,45.95681999999999,131.23874999999998,29.822760000000002,25.250999999999998,610.84827,11.562299999999999,131.70389999999998,4.6249199999999995,25.250999999999998,326.93399999999997,-0.5099999999999998,0.129999999999999,-0.1399999999999999,0.73
293,59383,1,94.359,91.701,51.830999999999996,70.437,15.948,15.948,42.528,47.844,2279.235,2279.235,4.53189,3.73449,4.53189,4.45215,2.71116,4.47873,442.14500999999996,1.0,511.99725,45.810629999999996,131.27862,29.99553,26.58,624.61671,11.58888,132.24879,4.7844,25.250999999999998,337.566,0.1999999999999993,-0.08000000000000007,-0.24000000000000005,0.38999999999999996
294,31982,1,91.701,86.38499999999999,51.830999999999996,59.805,15.948,15.948,42.528,47.844,203.337,203.337,4.47873,2.3257499999999998,4.46544,4.43886,1.20939,4.43886,443.42085,2.0,509.84427,47.325689999999994,132.08930999999998,31.138469999999998,27.909,649.28295,11.150310000000001,132.58104,4.86414,25.250999999999998,354.84299999999996,-0.17999999999999972,-0.3000000000000007,0.16999999999999993,1.3299999999999998
295,21657,1,91.701,85.056,51.830999999999996,58.476,15.948,15.948,42.528,47.844,227.259,225.93,4.50531,2.3922,4.47873,4.46544,1.2891299999999999,5.09007,441.21471,1.0,507.97038000000003,47.39213999999999,132.08930999999998,31.03215,27.909,640.13943,11.362950000000001,132.64749,4.8774299999999995,25.250999999999998,350.856,0.23000000000000043,0.07000000000000028,1.2,1.04
296,28812,1,91.701,85.056,51.830999999999996,59.805,15.948,15.948,42.528,47.844,216.62699999999998,216.62699999999998,4.53189,2.24601,4.50531,4.50531,1.22268,5.43561,441.8925,5.0,509.84427,47.325689999999994,132.08930999999998,31.138469999999998,27.909,641.02986,11.40282,132.64749,4.8774299999999995,25.250999999999998,368.133,-0.08999999999999986,-0.10999999999999943,1.25,0.71
297,25927,1,90.372,85.056,50.501999999999995,58.476,15.948,15.948,42.528,47.844,229.917,228.588,4.45215,2.2725899999999997,4.42557,4.35912,1.16952,4.89072,441.41405999999995,2.0,507.97038000000003,47.39213999999999,132.08930999999998,31.03215,27.909,639.249,11.20347,132.47472000000002,4.797689999999999,25.250999999999998,349.527,0.02999999999999936,-0.009999999999999787,1.09,0.9299999999999999
298,57361,1,91.701,87.714,51.830999999999996,63.792,15.948,15.948,42.528,47.844,4428.228,4429.557,4.691369999999999,2.45865,4.691369999999999,4.30596,2.37891,4.3857,442.46397,3.0,519.67887,46.30236,131.99627999999998,30.99228,33.225,641.86713,11.243340000000002,132.16905,4.81098,33.225,425.28,-0.10999999999999943,-0.47000000000000064,-0.39,-0.18999999999999995
301,56761,1,91.701,87.714,51.830999999999996,63.792,15.948,15.948,42.528,47.844,4442.847,4444.1759999999995,4.67808,2.33904,4.67808,4.33254,2.33904,4.3989899999999995,442.39752,5.0,513.89772,46.31565,131.94312,30.63345,31.896,633.89313,11.349659999999998,132.56775,4.797689999999999,33.225,334.908,-0.11999999999999922,-0.33000000000000007,0.0,0.0
302,31221,1,91.701,87.714,51.830999999999996,63.792,15.948,15.948,42.528,47.844,4444.1759999999995,4445.505,4.6514999999999995,2.23272,4.63821,4.30596,2.16627,4.37241,441.77289,6.0,513.89772,46.31565,131.94312,30.63345,31.896,640.47168,11.376240000000001,132.59432999999999,4.850849999999999,33.225,362.817,0.11000000000000121,-0.6900000000000013,-0.07000000000000006,0.18999999999999995
303,14048,1,91.701,87.714,51.830999999999996,63.792,15.948,15.948,42.528,47.844,4438.86,4440.189,4.66479,2.5782599999999998,4.66479,4.34583,2.24601,4.42557,442.46397,2.0,513.89772,46.31565,131.94312,30.63345,31.896,641.41527,11.123729999999998,132.35511,4.771109999999999,33.225,333.579,-0.22000000000000064,-0.7599999999999998,-0.38,-0.08000000000000007
305,26887,1,91.701,87.714,51.830999999999996,63.792,15.948,15.948,42.528,47.844,4426.898999999999,4428.228,4.73124,2.5118099999999997,4.717949999999999,4.30596,2.3124599999999997,4.37241,442.90254,2.0,519.67887,46.30236,131.99627999999998,30.99228,33.225,644.64474,11.20347,132.28866,4.824269999999999,33.225,341.553,-0.379999999999999,-0.4400000000000013,-0.42,-0.09999999999999998
309,19864,1,83.727,86.38499999999999,45.186,62.463,15.948,15.948,42.528,47.844,1532.337,1527.021,4.55847,2.23272,4.5186,4.58505,1.8074400000000002,4.55847,441.7596,2.0,507.43877999999995,45.65115,131.26532999999998,29.6367,30.567,608.65542,11.349659999999998,131.90324999999999,4.571759999999999,33.225,314.973,-0.09999999999999964,-0.7899999999999991,-0.7799999999999999,-0.16999999999999993
312,26350,1,83.727,86.38499999999999,45.186,62.463,15.948,15.948,42.528,47.844,1546.956,1541.6399999999999,4.46544,2.13969,4.42557,4.63821,1.67454,4.598339999999999,441.98553,4.0,510.08349,45.252449999999996,131.09256,29.5038,31.896,638.63766,11.681909999999998,132.43485,4.81098,33.225,326.93399999999997,0.11999999999999922,-0.75,-0.36000000000000004,-0.040000000000000036
313,20944,1,83.727,86.38499999999999,45.186,62.463,15.948,15.948,42.528,47.844,1537.653,1532.337,4.46544,2.2593,4.42557,4.61163,1.6080899999999998,4.58505,441.28116,4.0,507.43877999999995,45.65115,131.26532999999998,29.6367,30.567,638.63766,11.65533,132.43485,4.81098,33.225,326.93399999999997,-0.13000000000000078,-0.5400000000000009,-0.79,-0.36
